address,pop,hh
“‹“sη‘γ“c‹ζΫ‚Μ“ΰ,,
“‹“sη‘γ“c‹ζ‘εθ’¬,,
“‹“sη‘γ“c‹ζ“ΰK’¬,,
“‹“sη‘γ“c‹ζ—Ly’¬,18,15
“‹“sη‘γ“c‹ζ‰ΰ‚Φ,12,12
“‹“sη‘γ“c‹ζ‰i“c’¬,574,347
“‹“sη‘γ“c‹ζ”Ή’¬,425,333
“‹“sη‘γ“c‹ζ•½‰Ν’¬,1948,1082
“‹“sη‘γ“c‹ζ’¬,2634,1355
“‹“sη‘γ“c‹ζ‹I”φδ’¬,514,301
“‹“sη‘γ“c‹ζκ”Τ’¬,3965,1697
“‹“sη‘γ“c‹ζc‹O‰‘,,
“‹“sη‘γ“c‹ζ“ϊ”δ’Jφ‰€,,
“‹“sη‘γ“c‹ζη‘γ“c,97,94
“‹“sη‘γ“c‹ζ–k‚ΜΫφ‰€,719,384
“‹“sη‘γ“c‹ζ‹γ’i“μ,2946,1487
“‹“sη‘γ“c‹ζ‹γ’i–k,2166,1220
“‹“sη‘γ“c‹ζ•xm©,4456,2158
“‹“sη‘γ“c‹ζ”Ρ“c‹΄,2755,1481
“‹“sη‘γ“c‹ζκƒc‹΄,55,40
“‹“sη‘γ“c‹ζ_“c_•Ϋ’¬,3253,2075
“‹“sη‘γ“c‹ζOθ’¬,938,546
“‹“sη‘γ“c‹ζΌ_“c,1239,697
“‹“sη‘γ“c‹ζ‰y’¬,1166,679
“‹“sη‘γ“c‹ζ_“cx‰Ν‘δ,1003,721
“‹“sη‘γ“c‹ζ_“c‹Ρ’¬,1184,822
“‹“sη‘γ“c‹ζ_“c¬μ’¬,1152,710
“‹“sη‘γ“c‹ζ_“c”ό“y‘γ’¬,144,98
“‹“sη‘γ“c‹ζ“ΰ_“c,1612,994
“‹“sη‘γ“c‹ζ_“ci’¬,503,318
“‹“sη‘γ“c‹ζ_“c‘½’¬,976,704
“‹“sη‘γ“c‹ζ_“c’WH’¬,1247,657
“‹“sη‘γ“c‹ζ_“c{“c’¬,1726,1142
“‹“sη‘γ“c‹ζO_“c,4006,2370
“‹“sη‘γ“c‹ζ’b–θ’¬,287,179
“‹“sη‘γ“c‹ζ_“c’b–θ’¬,103,56
“‹“sη‘γ“c‹ζ_“c®‰®’¬,173,111
“‹“sη‘γ“c‹ζ_“c–kζ•¨’¬,58,34
“‹“sη‘γ“c‹ζ_“c•xR’¬,144,95
“‹“sη‘γ“c‹ζ_“c”ό‘q’¬,65,61
“‹“sη‘γ“c‹ζβ–{’¬,3763,2508
“‹“sη‘γ“c‹ζ_“cΌ•“c’¬,83,74
“‹“sη‘γ“c‹ζ_“c“Ό‰Ί’¬,1093,512
“‹“sη‘γ“c‹ζ_“c“®‰®’¬,61,51
“‹“sη‘γ“c‹ζ_“cβ–{’¬,47,29
“‹“sη‘γ“c‹ζ“_“c,3650,2320
“‹“sη‘γ“c‹ζ_“caς’¬,726,392
“‹“sη‘γ“c‹ζ_“c²‹vΤ’¬,1632,982
“‹“sη‘γ“c‹ζ_“c•½‰Ν’¬,10,5
“‹“sη‘γ“c‹ζ_“cΌ‰i’¬,59,28
“‹“sη‘γ“c‹ζ_“c‰Τ‰’¬,,
“‹“sη‘γ“c‹ζ_“c²‹vΤ‰Νέ,91,72
“‹“sη‘γ“c‹ζ_“c—ϋ•»’¬,373,203
“‹“sη‘γ“c‹ζ_“c‘¶’¬,,
“‹“sη‘γ“c‹ζ“ρ”Τ’¬,1701,770
“‹“sη‘γ“c‹ζO”Τ’¬,3645,1710
“‹“sη‘γ“c‹ζl”Τ’¬,2674,1188
“‹“sη‘γ“c‹ζά”Τ’¬,1108,422
“‹“sη‘γ“c‹ζZ”Τ’¬,1701,670
“‹“s’†‰›‹ζ”dF,38,30
“‹“s’†‰›‹ζ‹‹΄,210,152
“‹“s’†‰›‹ζ‹βΐ,3358,2334
“‹“s’†‰›‹ζV•x,2227,1422
“‹“s’†‰›‹ζ“ό‘D,2487,1630
“‹“s’†‰›‹ζ–©,7043,3850
“‹“s’†‰›‹ζ–ΎΞ’¬,3543,1952
“‹“s’†‰›‹ζ’z’n,8599,5355
“‹“s’†‰›‹ζ•l—£‹{’λ‰€,,
“‹“s’†‰›‹ζ”’–x,3571,2206
“‹“s’†‰›‹ζVμ,9375,5495
“‹“s’†‰›‹ζ“ϊ–{‹΄–{Ξ’¬,101,55
“‹“s’†‰›‹ζ“ϊ–{‹΄Ί’¬,299,179
“‹“s’†‰›‹ζ“ϊ–{‹΄–{’¬,1301,915
“‹“s’†‰›‹ζ“ϊ–{‹΄¬M’¬,1023,594
“‹“s’†‰›‹ζ“ϊ–{‹΄¬“`”n’¬,1050,601
“‹“s’†‰›‹ζ“ϊ–{‹΄‘ε“`”n’¬,1759,1027
“‹“s’†‰›‹ζ“ϊ–{‹΄–x—―’¬,2913,1860
“‹“s’†‰›‹ζ“ϊ–{‹΄•x‘ς’¬,1570,921
“‹“s’†‰›‹ζ“ϊ–{‹΄l`’¬,4995,2819
“‹“s’†‰›‹ζ“ϊ–{‹΄¬–Τ’¬,1325,850
“‹“s’†‰›‹ζ“ϊ–{‹΄ak’¬,5155,3110
“‹“s’†‰›‹ζ“ϊ–{‹΄” θ’¬,3758,2149
“‹“s’†‰›‹ζ“ϊ–{‹΄”n‹ς’¬,2173,1423
“‹“s’†‰›‹ζ“ϊ–{‹΄‰΅R’¬,1078,588
“‹“s’†‰›‹ζ““ϊ–{‹΄,5908,3452
“‹“s’†‰›‹ζ“ϊ–{‹΄‹vΌ’¬,663,367
“‹“s’†‰›‹ζ“ϊ–{‹΄•l’¬,11778,6498
“‹“s’†‰›‹ζ“ϊ–{‹΄’†F,2547,1404
“‹“s’†‰›‹ζ“ϊ–{‹΄,308,200
“‹“s’†‰›‹ζ“ϊ–{‹΄κ’¬,1292,842
“‹“s’†‰›‹ζ“ϊ–{‹΄•’¬,727,548
“‹“s’†‰›‹ζ’Ο,14912,7226
“‹“s’†‰›‹ζ“‡,16119,8865
“‹“s’†‰›‹ζ‚Η‚«,27081,13304
“‹“s’†‰›‹ζ–LC’¬,1428,757
“‹“s’†‰›‹ζ°C,17465,7553
“‹“s’†‰›‹ζ…–Κ’²Έ‹ζ,,
“‹“s`‹ζΕ,14831,9524
“‹“s`‹ζCέ,7301,4742
“‹“s`‹ζ“V‹΄,2383,1505
“‹“s`‹ζV‹΄,2776,2058
“‹“s`‹ζΌV‹΄,1621,1184
“‹“s`‹ζO“c,19546,10603
“‹“s`‹ζ•lΌ’¬,2620,1671
“‹“s`‹ζΕ‘ε–ε,1296,863
“‹“s`‹ζΕφ‰€,1567,1106
“‹“s`‹ζΥƒm–ε,3794,2577
“‹“s`‹ζ¤“†,646,389
“‹“s`‹ζ–ƒ•z’K’¬,700,352
“‹“s`‹ζ–ƒ•z‰iβ’¬,242,113
“‹“s`‹ζ“μ–ƒ•z,17250,9418
“‹“s`‹ζ³–ƒ•z,5163,2406
“‹“s`‹ζΌ–ƒ•z,10745,5913
“‹“s`‹ζZ–{–Ψ,14007,8638
“‹“s`‹ζ–ƒ•z‘δ,1757,1052
“‹“s`‹ζ–ƒ•z\”Τ,5819,3838
“‹“s`‹ζ“–ƒ•z,5932,4111
“‹“s`‹ζ³Τβ,645,375
“‹“s`‹ζΤβ,18659,11024
“‹“s`‹ζ“μΒR,13902,7160
“‹“s`‹ζ–kΒR,2385,1257
“‹“s`‹ζ‚—Φ,22403,12140
“‹“s`‹ζ”’‹ΰ,17468,9658
“‹“s`‹ζ”’‹ΰ‘δ,11274,5806
“‹“s`‹ζΕ‰Y,26113,13432
“‹“s`‹ζ`“μ,22052,10723
“‹“s`‹ζ‘δκ,5584,2517
“‹“s`‹ζ],5,5
“‹“sVh‹ζl’J,4304,2906
“‹“sVh‹ζl’J,46,33
“‹“sVh‹ζl’J,426,237
“‹“sVh‹ζl’J–{‰–’¬,546,364
“‹“sVh‹ζl’JO‰h’¬,2026,1150
“‹“sVh‹ζl’Jβ’¬,2505,1653
“‹“sVh‹ζα—t,4397,2558
“‹“sVh‹ζ{‰κ’¬,1400,838
“‹“sVh‹ζ¶–ε’¬,1718,1150
“‹“sVh‹ζM”Z’¬,945,615
“‹“sVh‹ζ“μ³’¬,2514,1353
“‹“sVh‹ζr–Ψ’¬,2623,1783
“‹“sVh‹ζM’¬,1388,973
“‹“sVh‹ζ¤Z’¬,1443,947
“‹“sVh‹ζ‘ε‹’¬,4257,2648
“‹“sVh‹ζ‰ΰƒ–‹u’¬,,
“‹“sVh‹ζ“ΰ“΅’¬,1201,664
“‹“sVh‹ζ•Π’¬,418,322
“‹“sVh‹ζVh,19346,13970
“‹“sVh‹ζ‰Μ•‘κ’¬,2083,1767
“‹“sVh‹ζs’J“c’¬,1003,584
“‹“sVh‹ζs’J–{‘Ί’¬,2852,1277
“‹“sVh‹ζs’J»“y΄’¬,1739,902
“‹“sVh‹ζs’J¶“ΰ’¬,426,227
“‹“sVh‹ζs’J‰Α‰κ’¬,1897,890
“‹“sVh‹ζs’Jb—Η’¬,864,489
“‹“sVh‹ζs’J‘D‰Ν΄’¬,237,93
“‹“sVh‹ζs’J’·‰„›’¬,125,89
“‹“sVh‹ζs’J‘ι ’¬,32,20
“‹“sVh‹ζs’JR•’¬,578,327
“‹“sVh‹ζs’J””¦’¬,113,57
“‹“sVh‹ζ_yβ,2409,1577
“‹“sVh‹ζΧH’¬,454,280
“‹“sVh‹ζ“ρ\‹R’¬,685,412
“‹“sVh‹ζ—gκ’¬,113,64
“‹“sVh‹ζ’Γ‹vΛ’¬,103,70
“‹“sVh‹ζ“ά¬’¬,2436,1321
“‹“sVh‹ζΌά¬’¬,1936,1146
“‹“sVh‹ζΤι³’¬,407,245
“‹“sVh‹ζ“μ‰|’¬,1469,778
“‹“sVh‹ζ‘ά’¬,692,404
“‹“sVh‹ζ•¥•ϋ’¬,1075,562
“‹“sVh‹ζ“μ’¬,856,401
“‹“sVh‹ζ–k’¬,1095,588
“‹“sVh‹ζ”[Λ’¬,989,537
“‹“sVh‹ζ“μR•’¬,721,443
“‹“sVh‹ζ–kR•’¬,651,389
“‹“sVh‹ζ”’‹β’¬,1373,759
“‹“sVh‹ζ‰Ί‹{”δ’¬,275,220
“‹“sVh‹ζ–ξ—’¬,4891,2752
“‹“sVh‹ζα‹{’¬,1032,616
“‹“sVh‹ζβΛ’¬,653,451
“‹“sVh‹ζ’†’¬,530,291
“‹“sVh‹ζ’\y’¬,649,460
“‹“sVh‹ζ‰΅›’¬,1046,718
“‹“sVh‹ζ’}“y””¦’¬,861,535
“‹“sVh‹ζV¬μ’¬,3607,2302
“‹“sVh‹ζ_y‰Νέ,,
“‹“sVh‹ζs’J–ς‰¤›’¬,3445,2188
“‹“sVh‹ζs’J–φ’¬,1339,905
“‹“sVh‹ζs’J’‡”V’¬,2634,1390
“‹“sVh‹ζΤι‰Ί’¬,1203,785
“‹“sVh‹ζ“V_’¬,1085,710
“‹“sVh‹ζ‰|’¬,720,536
“‹“sVh‹ζ“‰|’¬,355,270
“‹“sVh‹ζ‘ξ“c’¬,1418,1033
“‹“sVh‹ζ‘ξ“c“μ’¬,797,479
“‹“sVh‹ζ”nκ‰Ί’¬,489,330
“‹“sVh‹ζ΄’¬,5202,3023
“‹“sVh‹ζμ‹vδ’¬,2079,1255
“‹“sVh‹ζ’z’n’¬,535,320
“‹“sVh‹ζ•Ω“V’¬,3424,2068
“‹“sVh‹ζ’†—Ά’¬,713,374
“‹“sVh‹ζR’¬,4119,2879
“‹“sVh‹ζ‰ό‘γ’¬,654,427
“‹“sVh‹ζ…“Ή’¬,1115,784
“‹“sVh‹ζ‘ξ“c’ί’¬,5679,3907
“‹“sVh‹ζZ‹g’¬,2954,2005
“‹“sVh‹ζs’J‘δ’¬,1497,994
“‹“sVh‹ζ‰Ν“c’¬,3125,1716
“‹“sVh‹ζαΌ’¬,6063,3649
“‹“sVh‹ζ—]’’¬,4116,2531
“‹“sVh‹ζΛR,8986,5547
“‹“sVh‹ζ•x‹v’¬,7407,4336
“‹“sVh‹ζ•Sl’¬,15471,9730
“‹“sVh‹ζ‘ε‹v•Ϋ,15997,10492
“‹“sVh‹ζΛ’Λ’¬,226,175
“‹“sVh‹ζΌ‘ξ“c,18771,12126
“‹“sVh‹ζ‚“c”nκ,18266,12306
“‹“sVh‹ζ‰Ί—‡,15625,9564
“‹“sVh‹ζ’†—‡,16174,9508
“‹“sVh‹ζγ—‡,15476,10191
“‹“sVh‹ζΌ—‡,14257,8507
“‹“sVh‹ζ’†δ,4959,3023
“‹“sVh‹ζ–kVh,25299,16960
“‹“sVh‹ζΌVh,23251,16570
“‹“s•¶‹‹ζγy,2279,1283
“‹“s•¶‹‹ζt“ϊ,6160,3306
“‹“s•¶‹‹ζ¬Ξμ,24545,12871
“‹“s•¶‹‹ζ”’R,19979,11279
“‹“s•¶‹‹ζηΞ,20074,10534
“‹“s•¶‹‹ζ…“Ή,6969,4172
“‹“s•¶‹‹ζ¬“ϊό,8847,4295
“‹“s•¶‹‹ζ‘ε’Λ,20268,11453
“‹“s•¶‹‹ζΦϋ,7810,4431
“‹“s•¶‹‹ζ–Ϊ”’‘δ,7898,4253
“‹“s•¶‹‹ζ‰Ή‰H,6592,3941
“‹“s•¶‹‹ζ–{‹½,24157,14452
“‹“s•¶‹‹ζ“’“‡,11701,7641
“‹“s•¶‹‹ζΌ•Π,5843,3084
“‹“s•¶‹‹ζό‹u,7654,4297
“‹“s•¶‹‹ζ–ν¶,2157,1220
“‹“s•¶‹‹ζ’Γ,7042,4124
“‹“s•¶‹‹ζη‘Κ–Ψ,21641,11951
“‹“s•¶‹‹ζ–{‹ξ,28453,15074
“‹“s‘δ“‹ζ‘δ“,9148,5625
“‹“s‘δ“‹ζH—t΄,88,79
“‹“s‘δ“‹ζ“γ–μ,9432,5675
“‹“s‘δ“‹ζγ–μ,3911,2506
“‹“s‘δ“‹ζ’r”V’[,6144,3388
“‹“s‘δ“‹ζγ–μφ‰€,287,110
“‹“s‘δ“‹ζ–kγ–μ,4522,2809
“‹“s‘δ“‹ζ‰Ί’J,7538,4338
“‹“s‘δ“‹ζ“ό’J,6430,3816
“‹“s‘δ“‹ζέ,13777,7862
“‹“s‘δ“‹ζ—³ς,8995,5057
“‹“s‘δ“‹ζOƒm—Φ,3297,2060
“‹“s‘δ“‹ζγ–μχ–Ψ,2593,1344
“‹“s‘δ“‹ζ’J’†,8677,4781
“‹“s‘δ“‹ζ–φ‹΄,3609,2289
“‹“s‘δ“‹ζσ‘‹΄,7958,4945
“‹“s‘δ“‹ζ’Ή‰z,3258,1914
“‹“s‘δ“‹ζ‘ ‘O,7720,4598
“‹“s‘δ“‹ζ¬“‡,3625,2190
“‹“s‘δ“‹ζO‹Ψ,4668,2751
“‹“s‘δ“‹ζυ,6683,3750
“‹“s‘δ“‹ζ‹ξ`,2424,1546
“‹“s‘δ“‹ζ³σ‘,7234,4146
“‹“s‘δ“‹ζΌ‚’J,8867,5098
“‹“s‘δ“‹ζΌσ‘,8180,4703
“‹“s‘δ“‹ζ—‹–ε,2895,1729
“‹“s‘δ“‹ζ‰ΤμΛ,2362,1358
“‹“s‘δ“‹ζσ‘,18811,10880
“‹“s‘δ“‹ζη‘©,11609,7102
“‹“s‘δ“‹ζ“σ‘,3507,1930
“‹“s‘δ“‹ζ“ϊ–{’η,6520,4451
“‹“s‘δ“‹ζ΅Λ,4541,2570
“‹“s‘δ“‹ζ΄μ,6078,3984
“‹“s‘δ“‹ζ‹΄κ,6056,2961
“‹“s–n“c‹ζ—Ό‘,7608,4679
“‹“s–n“c‹ζηΞ,5270,3010
“‹“s–n“c‹ζ—Ξ,14352,8233
“‹“s–n“c‹ζ—§μ,6132,3824
“‹“s–n“c‹ζ‹eμ,8069,4724
“‹“s–n“c‹ζ]“‹΄,9970,6150
“‹“s–n“c‹ζ‰΅–Τ,1625,783
“‹“s–n“c‹ζ‹T‘ς,8861,4649
“‹“s–n“c‹ζΞ΄,11119,6364
“‹“s–n“c‹ζ–{,8932,4935
“‹“s–n“c‹ζ“‹ξ`,6794,3941
“‹“s–n“c‹ζαΘ‹΄,5202,3035
“‹“s–n“c‹ζ‹Ρ…,5156,3203
“‹“s–n“c‹ζ‘Ύ•½,11105,6199
“‹“s–n“c‹ζ‰΅μ,8515,4597
“‹“s–n“c‹ζ‹Ζ•½,10055,5502
“‹“s–n“c‹ζό“‡,16570,9173
“‹“s–n“c‹ζ“ό“‡,23984,12542
“‹“s–n“c‹ζ’η’Κ,6623,3089
“‹“s–n“c‹ζ–n“c,17649,8609
“‹“s–n“c‹ζ‰γ,10118,5354
“‹“s–n“c‹ζ‹“‡,12684,6297
“‹“s–n“c‹ζ•¶‰Τ,10598,5158
“‹“s–n“c‹ζ”L,21816,10635
“‹“s–n“c‹ζ—§‰Τ,20962,10114
“‹“s–n“c‹ζ“–n“c,2316,969
“‹“s]“‹ζ΄,3921,2057
“‹“s]“‹ζν”Υ,2074,1288
“‹“s]“‹ζV‘ε‹΄,5897,3507
“‹“s]“‹ζX‰Ί,10656,6493
“‹“s]“‹ζ•½–μ,7269,3544
“‹“s]“‹ζOD,5150,2706
“‹“s]“‹ζ”’‰Ν,11541,5654
“‹“s]“‹ζ‚‹΄,1607,1017
“‹“s]“‹ζ²‰κ,2702,1680
“‹“s]“‹ζ‰i‘γ,3872,2579
“‹“s]“‹ζ•Z,2520,1535
“‹“s]“‹ζ[μ,4133,2606
“‹“s]“‹ζ“~–Ψ,3055,1643
“‹“s]“‹ζ–ε‘O’‡’¬,2244,1492
“‹“s]“‹ζ•x‰,3982,2663
“‹“s]“‹ζ‰²’O,3541,2111
“‹“s]“‹ζΓΞκ,5255,2497
“‹“s]“‹ζ‰z’†“‡,7427,3421
“‹“s]“‹ζ‰–•l,19560,8287
“‹“s]“‹ζ}μ,9741,4636
“‹“s]“‹ζ–LF,37324,15502
“‹“s]“‹ζ“‰_,24275,10710
“‹“s]“‹ζ—L–Ύ,11379,4987
“‹“s]“‹ζ’C–¤,10616,5252
“‹“s]“‹ζ’©,6097,2917
“‹“s]“‹ζΒC,831,689
“‹“s]“‹ζηΞ,7090,3377
“‹“s]“‹ζΞ“‡,1441,757
“‹“s]“‹ζη“c,1878,1027
“‹“s]“‹ζC•Σ,1805,943
“‹“s]“‹ζξ‹΄,9574,4726
“‹“s]“‹ζ‰],6415,3344
“‹“s]“‹ζZ‹g,5174,2925
“‹“s]“‹ζ–Ρ—,3575,2255
“‹“s]“‹ζ–Ψκ,11195,6101
“‹“s]“‹ζ“—z,25557,13864
“‹“s]“‹ζ‹TΛ,60963,33156
“‹“s]“‹ζ‘ε“‡,62708,32791
“‹“s]“‹ζ–k»,38042,18815
“‹“s]“‹ζ“»,36210,16532
“‹“s]“‹ζ“μ»,39825,19752
“‹“s]“‹ζV»,6159,2416
“‹“s]“‹ζV–Ψκ,30,24
“‹“s]“‹ζ–²‚Μ“‡,,
“‹“s]“‹ζαF,,
“‹“s•iμ‹ζ‰`΄,22097,12504
“‹“s•iμ‹ζ‘εδ,29258,16072
“‹“s•iμ‹ζ‘εθ,15145,8241
“‹“s•iμ‹ζ“‡,5904,2427
“‹“s•iμ‹ζγ‘εθ,14072,8212
“‹“s•iμ‹ζ–k•iμ,20987,11615
“‹“s•iμ‹ζ¬R,21086,11998
“‹“s•iμ‹ζ¬R‘δ,5708,3157
“‹“s•iμ‹ζΛ‰z,17743,10477
“‹“s•iμ‹ζ’†‰„,16802,9604
“‹“s•iμ‹ζΌ‘εδ,19971,10259
“‹“s•iμ‹ζΌά”½“c,27850,17246
“‹“s•iμ‹ζΌ•iμ,11690,6526
“‹“s•iμ‹ζΌ’†‰„,7849,4327
“‹“s•iμ‹ζψ‚Μ‘δ,16565,9602
“‹“s•iμ‹ζ“‘εδ,24282,13642
“‹“s•iμ‹ζ“ά”½“c,16712,9688
“‹“s•iμ‹ζ“•iμ,26618,13392
“‹“s•iμ‹ζ“’†‰„,4066,2410
“‹“s•iμ‹ζ•½’Λ,9957,6057
“‹“s•iμ‹ζL’¬,57,41
“‹“s•iμ‹ζ“ρ—t,12201,6999
“‹“s•iμ‹ζ“μ‘εδ,28924,17764
“‹“s•iμ‹ζ“μ•iμ,20387,11918
“‹“s•iμ‹ζ”’,11820,5327
“‹“s•iμ‹ζ–L’¬,14737,8136
“‹“s•iμ‹ζ“”’,,
“‹“s–Ϊ•‹ζ‹ξκ,7007,3954
“‹“s–Ϊ•‹ζΒ—t‘δ,8564,5009
“‹“s–Ϊ•‹ζ“R,14094,6677
“‹“s–Ϊ•‹ζ‘ε‹΄,7383,4089
“‹“s–Ϊ•‹ζγ–Ϊ•,19649,11243
“‹“s–Ϊ•‹ζ’†–Ϊ•,15432,8587
“‹“s–Ϊ•‹ζO“c,6327,3599
“‹“s–Ϊ•‹ζ–Ϊ•,13832,7348
“‹“s–Ϊ•‹ζ‰Ί–Ϊ•,22564,12287
“‹“s–Ϊ•‹ζ’†’¬,10180,5467
“‹“s–Ϊ•‹ζά–{–Ψ,10141,5895
“‹“s–Ϊ•‹ζ—S“V›,4606,2879
“‹“s–Ϊ•‹ζ’†‰›’¬,8342,4834
“‹“s–Ϊ•‹ζ–Ϊ•–{’¬,24913,13422
“‹“s–Ϊ•‹ζ΄’¬,5623,3152
“‹“s–Ϊ•‹ζτ‘«,5749,3075
“‹“s–Ϊ•‹ζ“μ,7657,3892
“‹“s–Ϊ•‹ζ”θ•¶’J,17703,8899
“‹“s–Ϊ•‹ζ‘ι”Τ,9141,5666
“‹“s–Ϊ•‹ζ•½’¬,7321,3943
“‹“s–Ϊ•‹ζ‘ε‰R,6759,3479
“‹“s–Ϊ•‹ζ—Ξ‚‹u,7471,3984
“‹“s–Ϊ•‹ζ©—R‚‹u,7702,4154
“‹“s–Ϊ•‹ζ’†,7352,4208
“‹“s–Ϊ•‹ζ`‚Μ–Ψβ,9686,4835
“‹“s–Ϊ•‹ζ”‰_,15217,7358
“‹“s–Ϊ•‹ζ“‚‹u,7673,3780
“‹“s‘ε“c‹ζ‘εX’†,11194,6670
“‹“s‘ε“c‹ζ‘εX“,18773,10337
“‹“s‘ε“c‹ζ‘εX“μ,13585,6488
“‹“s‘ε“c‹ζ‘εX–{’¬,8584,4717
“‹“s‘ε“c‹ζ‘εXΌ,35871,19947
“‹“s‘ε“c‹ζR‰¤,20445,10705
“‹“s‘ε“c‹ζ‘εX–k,27406,16721
“‹“s‘ε“c‹ζ•½a‚ΜXφ‰€,,
“‹“s‘ε“c‹ζ•½a“‡,302,273
“‹“s‘ε“c‹ζΊa“‡,,
“‹“s‘ε“c‹ζ–k”n,7952,4576
“‹“s‘ε“c‹ζ“”n,6553,3602
“‹“s‘ε“c‹ζ’†”n,13025,7056
“‹“s‘ε“c‹ζΌ”n,6948,3952
“‹“s‘ε“c‹ζ“μ”n,25879,13126
“‹“s‘ε“c‹ζ’†‰›,26871,13202
“‹“s‘ε“c‹ζ’rγ,31477,17068
“‹“s‘ε“c‹ζ“c‰€’²•z–{’¬,8444,4385
“‹“s‘ε“c‹ζ“c‰€’²•z“μ,3803,1912
“‹“s‘ε“c‹ζ“—δ’¬,5084,2566
“‹“s‘ε“c‹ζΌ—δ’¬,3204,1591
“‹“s‘ε“c‹ζ–k—δ’¬,5796,3185
“‹“s‘ε“c‹ζ“μα’J,12523,6358
“‹“s‘ε“c‹ζ“c‰€’²•z,18606,8866
“‹“s‘ε“c‹ζα’J‘ε’Λ’¬,2590,1282
“‹“s‘ε“c‹ζ‰L‚Μ–Ψ,14373,7814
“‹“s‘ε“c‹ζ“μ‹v‚΄,6323,3222
“‹“s‘ε“c‹ζη’Ή,10348,5682
“‹“s‘ε“c‹ζ’‡’rγ,9779,4738
“‹“s‘ε“c‹ζ‹v‚΄,24386,10785
“‹“s‘ε“c‹ζ“μη‘©,7856,3893
“‹“s‘ε“c‹ζΞμ’¬,5670,2705
“‹“s‘ε“c‹ζ“α’J,18490,9227
“‹“s‘ε“c‹ζγ’r‘δ,23932,12049
“‹“s‘ε“c‹ζ–kη‘©,13572,7827
“‹“s‘ε“c‹ζ–kβο’J,4906,2549
“‹“s‘ε“c‹ζΌβο’J,21227,11703
“‹“s‘ε“c‹ζ“βο’J,12417,6823
“‹“s‘ε“c‹ζ”‹’†,12110,6587
“‹“s‘ε“c‹ζ–{‰H“c,12089,5665
“‹“s‘ε“c‹ζ‰H“c®’¬,502,360
“‹“s‘ε“c‹ζ‰H“c,14959,8699
“‹“s‘ε“c‹ζ‰H“c‹σ`,,
“‹“s‘ε“c‹ζΌZ‹½,22202,10129
“‹“s‘ε“c‹ζ’‡Z‹½,17504,9634
“‹“s‘ε“c‹ζ“μ—“c,11966,7423
“‹“s‘ε“c‹ζ“Z‹½,11121,5720
“‹“s‘ε“c‹ζ“μZ‹½,17361,8613
“‹“s‘ε“c‹ζ‰ΊΫq,23711,11755
“‹“s‘ε“c‹ζ–ξϋ,15900,8505
“‹“s‘ε“c‹ζ“–ξϋ,12540,7124
“‹“s‘ε“c‹ζ‘½–€μ,13593,7034
“‹“s‘ε“c‹ζV—“c,9651,5131
“‹“s‘ε“c‹ζΌ—“c,28522,17458
“‹“s‘ε“c‹ζ—“c,24205,15508
“‹“s‘ε“c‹ζ—“c–{’¬,6156,3532
“‹“s‘ε“c‹ζ“—“c,5732,3622
“‹“s‘ε“c‹ζ“C,,
“‹“s‘ε“c‹ζι“μ“‡,,
“‹“s‘ε“c‹ζ‹•l“‡,,
“‹“s‘ε“c‹ζ‰H“c‰«…–Κ‹y‚Ρ’†‰›–h”g’ηO‘¤•t‹ί,,
“‹“s‘ε“c‹ζ‘½–€μ‰Νμ•~,63,63
“‹“s‘ε“c‹ζ‚Σ‚ι‚³‚Ζ‚Μ•l•Σφ‰€,,
“‹“s‘ε“c‹ζ—ίa“‡,,
“‹“s‘ε“c‹ζ—ίa“‡,,
“‹“sΆ“c’J‹ζ’rK,17021,9740
“‹“sΆ“c’J‹ζOh,8766,5240
“‹“sΆ“c’J‹ζ‘Ύq“°,19527,12039
“‹“sΆ“c’J‹ζO¬’ƒ‰®,13966,8462
“‹“sΆ“c’J‹ζα—Ρ,20116,11593
“‹“sΆ“c’J‹ζΆ“c’J,16856,9629
“‹“sΆ“c’J‹ζχ,12716,5986
“‹“sΆ“c’J‹ζ·,25460,12176
“‹“sΆ“c’J‹ζo“°,20365,11511
“‹“sΆ“c’J‹ζ‹{β,12269,7235
“‹“sΆ“c’J‹ζχ‹u,20471,10083
“‹“sΆ“c’J‹ζ‰Ί”n,28179,15261
“‹“sΆ“c’J‹ζ–μ‘ς,15892,8259
“‹“sΆ“c’J‹ζγ”n,21599,13002
“‹“sΆ“c’J‹ζ‹ξ‘ς,17427,9488
“‹“sΆ“c’J‹ζ‘γ“c,23833,14175
“‹“sΆ“c’J‹ζ”~‹u,9095,5051
“‹“sΆ“c’J‹ζ‹“Ώ›,6642,3766
“‹“sΆ“c’J‹ζ‘γ‘ς,17180,9638
“‹“sΆ“c’J‹ζ‰H–Ψ,7201,4283
“‹“sΆ“c’J‹ζ‘ε΄,8384,5567
“‹“sΆ“c’J‹ζ–k‘ς,19187,11935
“‹“sΆ“c’J‹ζΌ΄,30548,18070
“‹“sΆ“c’J‹ζΤ’η,20743,11321
“‹“sΆ“c’J‹ζχγ…,14437,7476
“‹“sΆ“c’J‹ζ“‹Κμ,8581,4192
“‹“sΆ“c’J‹ζ‰‘ς,29718,16064
“‹“sΆ“c’J‹ζ‹Κμ“c‰€’²•z,2371,1138
“‹“sΆ“c’J‹ζ‹Κ’η,5983,2773
“‹“sΆ“c’J‹ζ“™X—Ν,28081,13741
“‹“sΆ“c’J‹ζ”φR‘δ,6663,3360
“‹“sΆ“c’J‹ζγ–μ–Ρ,12879,6424
“‹“sΆ“c’J‹ζ–μ–Ρ,6217,2870
“‹“sΆ“c’J‹ζ’†’¬,14846,6666
“‹“sΆ“c’J‹ζγ—p‰κ,15306,6882
“‹“sΆ“c’J‹ζ—p‰κ,15809,8320
“‹“sΆ“c’J‹ζ‹Κμ,12689,6428
“‹“sΆ“c’J‹ζ£“c,15632,7077
“‹“sΆ“c’J‹ζ‹Κμ‘δ,6444,3496
“‹“sΆ“c’J‹ζ‹ξ‘ςφ‰€,1,1
“‹“sΆ“c’J‹ζV’¬,8657,4484
“‹“sΆ“c’J‹ζχV’¬,7777,4063
“‹“sΆ“c’J‹ζ[‘ς,24900,10864
“‹“sΆ“c’J‹ζ¬ι,23331,10283
“‹“sΆ“c’J‹ζ‘ct’J,20287,10224
“‹“sΆ“c’J‹ζηΞ‘δ,19424,8469
“‹“sΆ“c’J‹ζ‘D‹΄,27713,13530
“‹“sΆ“c’J‹ζμ‘½©,19721,9408
“‹“sΆ“c’J‹ζ‰F“ή,5932,2409
“‹“sΆ“c’J‹ζ™“c,8238,3617
“‹“sΆ“c’J‹ζ‰–{,8565,3579
“‹“sΆ“c’J‹ζ‘ε‘ ,7678,3616
“‹“sΆ“c’J‹ζ‹m,27084,13019
“‹“sΆ“c’J‹ζ‹mφ‰€,,
“‹“sΆ“c’J‹ζγ–k‘ς,17795,9617
“‹“sΆ“c’J‹ζ””¦R,8743,4319
“‹“sΆ“c’J‹ζγ‘ct’J,19761,9176
“‹“sΆ“c’J‹ζ””’J,13359,6267
“‹“sΆ“c’J‹ζ‹‹“c,13401,6665
“‹“sΆ“c’J‹ζ“μ‰GR,24321,14523
“‹“sΆ“c’J‹ζ–k‰GR,27877,13515
“‹“sa’J‹ζb”δυ,16962,11053
“‹“sa’J‹ζL”φ,16035,8760
“‹“sa’J‹ζ“,9123,6004
“‹“sa’J‹ζb”δυ“μ,5088,3237
“‹“sa’J‹ζb”δυΌ,4613,2946
“‹“sa’J‹ζ‘γ―R’¬,2307,1378
“‹“sa’J‹ζ‰y’¬,1921,1108
“‹“sa’J‹ζ”«R’¬,1264,627
“‹“sa’J‹ζ‰§’J’¬,1943,1021
“‹“sa’J‹ζa’J,4526,2942
“‹“sa’J‹ζχ‹u’¬,1916,1366
“‹“sa’J‹ζ“μ•½‘δ’¬,2030,1122
“‹“sa’J‹ζ“ΉΊβ,485,424
“‹“sa’J‹ζ‰~R’¬,2416,2001
“‹“sa’J‹ζ_ς’¬,2263,1517
“‹“sa’J‹ζΌ““,3355,1712
“‹“sa’J‹ζ_R’¬,3024,1951
“‹“sa’J‹ζ‰F“cμ’¬,813,590
“‹“sa’J‹ζ_“μ,671,442
“‹“sa’J‹ζ‘γX–Ψ_‰€’¬,135,63
“‹“sa’J‹ζγ΄,11158,6312
“‹“sa’J‹ζ•xƒP’J,9963,6125
“‹“sa’J‹ζΌ΄,11663,6625
“‹“sa’J‹ζ³‘γX–Ψ’¬,3895,2372
“‹“sa’J‹ζ‘εR’¬,3512,1866
“‹“sa’J‹ζ‰‘δ,9036,5265
“‹“sa’J‹ζ–{’¬,28969,18599
“‹“sa’J‹ζω’Λ,17716,11880
“‹“sa’J‹ζ”¦ƒP’J,17522,10782
“‹“sa’J‹ζ‘γX–Ψ,25631,15455
“‹“sa’J‹ζη‘ΚƒP’J,11253,7117
“‹“sa’J‹ζ_‹{‘O,12675,7305
“‹“s’†–μ‹ζ“μ‘δ,21500,12610
“‹“s’†–μ‹ζ–ν¶’¬,24073,14899
“‹“s’†–μ‹ζ–{’¬,30885,20160
“‹“s’†–μ‹ζ’†‰›,30982,20033
“‹“s’†–μ‹ζ“’†–μ,24802,15672
“‹“s’†–μ‹ζ’†–μ,28176,17186
“‹“s’†–μ‹ζγ‚“c,21325,13351
“‹“s’†–μ‹ζVδ,18854,11731
“‹“s’†–μ‹ζΐ‘ά,14001,8778
“‹“s’†–μ‹ζΌ‚‹u,6565,3948
“‹“s’†–μ‹ζ]΄’¬,9323,5239
“‹“s’†–μ‹ζ]Γ“c,14617,7468
“‹“s’†–μ‹ζΫR,4997,2792
“‹“s’†–μ‹ζ–μ•ϋ,22017,13473
“‹“s’†–μ‹ζ‘εa’¬,15954,9749
“‹“s’†–μ‹ζα‹{,12997,7858
“‹“s’†–μ‹ζ”’λ,12174,6327
“‹“s’†–μ‹ζλ‹{,17400,10061
“‹“s’†–μ‹ζγλ‹{,14238,6758
“‹“s™•ΐ‹ζ•ϋ“μ,13641,8414
“‹“s™•ΐ‹ζaς,29657,17440
“‹“s™•ΐ‹ζ‰Ί‚δΛ,20917,12538
“‹“s™•ΐ‹ζ‰i•,16406,9202
“‹“s™•ΐ‹ζ•l“cR,17317,9103
“‹“s™•ΐ‹ζa“c,20437,11987
“‹“s™•ΐ‹ζ–xƒm“ΰ,20143,11612
“‹“s™•ΐ‹ζΌƒm–Ψ,7616,4288
“‹“s™•ΐ‹ζ‘ε‹{,3717,2134
“‹“s™•ΐ‹ζ”~—Ά,8679,5712
“‹“s™•ΐ‹ζ‚‰~›“μ,33374,22681
“‹“s™•ΐ‹ζ‚‰~›–k,17137,11580
“‹“s™•ΐ‹ζΆ²’J“μ,19892,12887
“‹“s™•ΐ‹ζΆ²’J–k,25526,15348
“‹“s™•ΐ‹ζ“Vΐ,16048,10020
“‹“s™•ΐ‹ζ–{“Vΐ,11823,6260
“‹“s™•ΐ‹ζ¬“cΌ,8911,4064
“‹“s™•ΐ‹ζ¬“c“,23671,12701
“‹“s™•ΐ‹ζ‰¬E,26181,14607
“‹“s™•ΐ‹ζ“μ‰¬E,14473,7587
“‹“s™•ΐ‹ζγ‰¬,13892,8334
“‹“s™•ΐ‹ζΌ‰¬“μ,12071,7363
“‹“s™•ΐ‹ζΌ‰¬–k,18411,11106
“‹“s™•ΐ‹ζ΅μ,9661,4501
“‹“s™•ΐ‹ζ΄…,8940,4643
“‹“s™•ΐ‹ζ“δ,12077,6256
“‹“s™•ΐ‹ζδ‘,17284,9262
“‹“s™•ΐ‹ζ‰Ίδ‘,18687,10212
“‹“s™•ΐ‹ζγδ‘,15986,7771
“‹“s™•ΐ‹ζ‘P•›,12331,5906
“‹“s™•ΐ‹ζΌΑ,10939,6039
“‹“s™•ΐ‹ζ‹{‘O,19493,9661
“‹“s™•ΐ‹ζ‹v‰δR,20733,11443
“‹“s™•ΐ‹ζ‚δΛ“,20487,10478
“‹“s™•ΐ‹ζ‚δΛΌ,11999,5747
“‹“s™•ΐ‹ζγ‚δΛ,12551,7452
“‹“s–L“‡‹ζ‹ξ,18359,10115
“‹“s–L“‡‹ζ‘ƒ›,19794,11760
“‹“s–L“‡‹ζΌ‘ƒ›,13510,7694
“‹“s–L“‡‹ζ–k‘ε’Λ,12916,8415
“‹“s–L“‡‹ζ“μ‘ε’Λ,17264,11102
“‹“s–L“‡‹ζγ’r‘ά,18333,11316
“‹“s–L“‡‹ζ“’r‘ά,20683,13592
“‹“s–L“‡‹ζ“μ’r‘ά,9261,5759
“‹“s–L“‡‹ζΌ’r‘ά,17575,11356
“‹“s–L“‡‹ζ’r‘ά,20162,13883
“‹“s–L“‡‹ζ’r‘ά–{’¬,18458,10769
“‹“s–L“‡‹ζGi‚’J,9674,5776
“‹“s–L“‡‹ζ‚“c,12372,7034
“‹“s–L“‡‹ζ–Ϊ”’,15190,8591
“‹“s–L“‡‹ζ“μ’·θ,21825,13300
“‹“s–L“‡‹ζ’·θ,19431,11707
“‹“s–L“‡‹ζη‘,13098,7667
“‹“s–L“‡‹ζ—v’¬,10186,6246
“‹“s–L“‡‹ζ‚Ό,8632,5017
“‹“s–L“‡‹ζημ,4876,2720
“‹“s–k‹ζ‰¤q,23860,12316
“‹“s–k‹ζ–L“‡,31257,15993
“‹“s–k‹ζ–x‘D,10728,5657
“‹“s–k‹ζ“\π,14692,8636
“‹“s–k‹ζ‰¤q–{’¬,5533,3214
“‹“s–k‹ζέ’¬,2538,1550
“‹“s–k‹ζ’†\π,8308,4962
“‹“s–k‹ζ\π‘δ,1479,409
“‹“s–k‹ζ\π’‡΄,5962,3265
“‹“s–k‹ζγ\π,12701,7469
“‹“s–k‹ζ_’J,16382,8763
“‹“s–k‹ζΤ‰H,10959,6297
“‹“s–k‹ζΌ‚‹u,8673,4169
“‹“s–k‹ζΤ‰HΌ,17185,9278
“‹“s–k‹ζu–Ξ,20922,11187
“‹“s–k‹ζβ•£’¬,4827,2714
“‹“s–k‹ζΤ‰H‘δ,9678,4906
“‹“s–k‹ζΤ‰H“μ,4775,2661
“‹“s–k‹ζΤ‰H–k,15409,7343
“‹“s–k‹ζ•‚Τ,23901,11084
“‹“s–k‹ζ‹Λƒ–‹u,5027,2720
“‹“s–k‹ζ‘κ–μμ,35186,18952
“‹“s–k‹ζΌƒ–΄,18280,9474
“‹“s–k‹ζ‰h’¬,2633,1492
“‹“s–k‹ζγ’†—Ά,6654,3565
“‹“s–k‹ζ’†—Ά,7155,4083
“‹“s–k‹ζΊa’¬,3503,1942
“‹“s–k‹ζ“c’[V’¬,8635,5060
“‹“s–k‹ζ““c’[,3559,2070
“‹“s–k‹ζ“c’[,14812,8469
“‹“srμ‹ζ“μηZ,46781,21521
“‹“srμ‹ζrμ,32460,17014
“‹“srμ‹ζ’¬‰®,29840,14973
“‹“srμ‹ζ“”φ‹v,28135,14565
“‹“srμ‹ζΌ”φ‹v,26198,13123
“‹“srμ‹ζ““ϊ•ι—Ά,29748,16965
“‹“srμ‹ζΌ“ϊ•ι—Ά,24313,13848
“‹“s”Β‹΄‹ζ”Β‹΄,25041,15835
“‹“s”Β‹΄‹ζ‰Α‰κ,10784,4318
“‹“s”Β‹΄‹ζ‘εR“’¬,5821,3661
“‹“s”Β‹΄‹ζ‘εR‹ΰδ’¬,5448,3418
“‹“s”Β‹΄‹ζF–μ’¬,4643,2792
“‹“s”Β‹΄‹ζ’†Ϋ’¬,6151,3462
“‹“s”Β‹΄‹ζ“μ’¬,4790,2917
“‹“s”Β‹΄‹ζξ‰Χ‘δ,2890,1446
“‹“s”Β‹΄‹ζ’‡h,7848,4494
“‹“s”Β‹΄‹ζ•Xμ’¬,4776,2810
“‹“s”Β‹΄‹ζ‰h’¬,4075,2319
“‹“s”Β‹΄‹ζ‘εR’¬,4571,2742
“‹“s”Β‹΄‹ζ‘εRΌ’¬,4806,2743
“‹“s”Β‹΄‹ζK’¬,5599,3032
“‹“s”Β‹΄‹ζ’†”Β‹΄,4124,2512
“‹“s”Β‹΄‹ζ’‡’¬,4605,2433
“‹“s”Β‹΄‹ζ–ν¶’¬,5630,3307
“‹“s”Β‹΄‹ζ–{’¬,6555,3811
“‹“s”Β‹΄‹ζ‘εa’¬,5295,3307
“‹“s”Β‹΄‹ζ‘o—t’¬,5387,3158
“‹“s”Β‹΄‹ζ•xm©’¬,4502,2608
“‹“s”Β‹΄‹ζ‘ε’Jϋγ’¬,4273,2399
“‹“s”Β‹΄‹ζ‘ε’Jϋ–k’¬,6169,3269
“‹“s”Β‹΄‹ζ‘ε’Jϋ,6053,3340
“‹“s”Β‹΄‹ζό΄,9055,4939
“‹“s”Β‹΄‹ζ¬–Ξ,16480,8777
“‹“s”Β‹΄‹ζν”Υ‘δ,12863,7033
“‹“s”Β‹΄‹ζ“μν”Υ‘δ,7513,4743
“‹“s”Β‹΄‹ζ“V’¬,9662,5071
“‹“s”Β‹΄‹ζγ”Β‹΄,9233,5705
“‹“s”Β‹΄‹ζ΄…’¬,6844,3951
“‹“s”Β‹΄‹ζ@ΐ’¬,5474,3341
“‹“s”Β‹΄‹ζ‘ε΄’¬,4670,2415
“‹“s”Β‹΄‹ζς’¬,3523,2080
“‹“s”Β‹΄‹ζ‹{–{’¬,5828,3385
“‹“s”Β‹΄‹ζu‘Ί,13131,7119
“‹“s”Β‹΄‹ζβ‰Ί,19884,10074
“‹“s”Β‹΄‹ζ“β‰Ί,4286,2030
“‹“s”Β‹΄‹ζ¬“¤‘ς,16246,8275
“‹“s”Β‹΄‹ζΌ‘δ,13058,5998
“‹“s”Β‹΄‹ζ’†‘δ,16044,8114
“‹“s”Β‹΄‹ζα–Ψ,10532,5240
“‹“s”Β‹΄‹ζ@,18907,9284
“‹“s”Β‹΄‹ζ‘¶’¬,4621,2104
“‹“s”Β‹΄‹ζ‘O–μ’¬,30958,14713
“‹“s”Β‹΄‹ζΤ’Λ,31889,17468
“‹“s”Β‹΄‹ζΤ’ΛV’¬,10077,5353
“‹“s”Β‹΄‹ζl—t,4942,2136
“‹“s”Β‹΄‹ζ‘ε–ε,1362,438
“‹“s”Β‹΄‹ζO‰€,7227,3339
“‹“s”Β‹΄‹ζ¬‘,29740,16001
“‹“s”Β‹΄‹ζ“ΏΫ,35747,17676
“‹“s”Β‹΄‹ζ“R’¬,3947,2164
“‹“s”Β‹΄‹ζχμ,4884,2574
“‹“s”Β‹΄‹ζ‚“‡•½,51223,29611
“‹“s”Β‹΄‹ζV‰Νέ,5216,2668
“‹“s”Β‹΄‹ζM“n,9581,4494
“‹“s—ϋ”n‹ζ®‹u,7841,5191
“‹“s—ϋ”n‹ζ¬’|’¬,10064,5990
“‹“s—ϋ”n‹ζ‰h’¬,4209,2675
“‹“s—ϋ”n‹ζ‰H‘ς,6848,3952
“‹“s—ϋ”n‹ζ–L‹Κγ,7030,4721
“‹“s—ϋ”n‹ζ–L‹Κ’†,11149,6237
“‹“s—ϋ”n‹ζ–L‹Κ“μ,8763,4262
“‹“s—ϋ”n‹ζ–L‹Κ–k,20940,13391
“‹“s—ϋ”n‹ζ’†‘Ί,10320,5072
“‹“s—ϋ”n‹ζ’†‘Ί“μ,11440,5644
“‹“s—ϋ”n‹ζ’†‘Ί–k,12085,7085
“‹“s—ϋ”n‹ζχ‘δ,26499,14576
“‹“s—ϋ”n‹ζ—ϋ”n,15163,9414
“‹“s—ϋ”n‹ζόR,11270,5662
“‹“s—ϋ”n‹ζΡδ,20796,11574
“‹“s—ϋ”n‹ζ‹Ρ,6337,3077
“‹“s—ϋ”n‹ζ•Xμ‘δ,14114,7375
“‹“s—ϋ”n‹ζ•½a‘δ,14405,6798
“‹“s—ϋ”n‹ζ‘‹{,19603,9481
“‹“s—ϋ”n‹ζt“ϊ’¬,26047,12740
“‹“s—ϋ”n‹ζ‚Ό,18334,7935
“‹“s—ϋ”n‹ζ–k’¬,27317,14575
“‹“s—ϋ”n‹ζ“c•Ώ,29720,13544
“‹“s—ϋ”n‹ζυ‚‹u,26561,11933
“‹“s—ϋ”n‹ζ®’¬,13149,6712
“‹“s—ϋ”n‹ζ“yx“c,13869,5646
“‹“s—ϋ”n‹ζ•xm©‘δ,15746,7717
“‹“s—ϋ”n‹ζ“μ“c’†,12462,6254
“‹“s—ϋ”n‹ζ‚–μ‘δ,15700,7381
“‹“s—ϋ”n‹ζ’J΄,13193,5499
“‹“s—ϋ”n‹ζO΄‘δ,9332,4082
“‹“s—ϋ”n‹ζΞ_δ’¬,28284,14897
“‹“s—ϋ”n‹ζΞ_δ‘δ,31187,14183
“‹“s—ϋ”n‹ζγΞ_δ,18871,10539
“‹“s—ϋ”n‹ζγΞ_δ“μ’¬,2166,1061
“‹“s—ϋ”n‹ζ‰ΊΞ_δ,18425,8649
“‹“s—ϋ”n‹ζ—§–μ’¬,5341,2429
“‹“s—ϋ”n‹ζΦ’¬“,5589,3068
“‹“s—ϋ”n‹ζΦ’¬–k,22743,11923
“‹“s—ϋ”n‹ζΦ’¬“μ,19127,9294
“‹“s—ϋ”n‹ζ“‘ες,35704,17840
“‹“s—ϋ”n‹ζΌ‘ες’¬,32,12
“‹“s—ϋ”n‹ζΌ‘ες,21950,9243
“‹“s—ϋ”n‹ζ“μ‘ες,26805,11971
“‹“s—ϋ”n‹ζ‘ες’¬,21920,9196
“‹“s—ϋ”n‹ζ‘εςw‰€’¬,34158,14342
“‹“s‘«—§‹ζΒδ,17629,8788
“‹“s‘«—§‹ζ‘«—§,13377,7432
“‹“s‘«—§‹ζ»£,26463,15185
“‹“s‘«—§‹ζΙ‹»,12543,5999
“‹“s‘«—§‹ζ“ό’J’¬CΙl’¬,,
“‹“s‘«—§‹ζ“ό’J,8933,3853
“‹“s‘«—§‹ζ”~“c,25288,12540
“‹“s‘«—§‹ζ”~“‡,12474,6894
“‹“s‘«—§‹ζξ,15842,7612
“‹“s‘«—§‹ζ‘ε’J“c,16667,8409
“‹“s‘«—§‹ζ‹»–μ,6147,2754
“‹“s‘«—§‹ζ¬‘δ,6896,3126
“‹“s‘«—§‹ζ‰Α‰κ,4081,1781
“‹“s‘«—§‹ζ‰Α•½,6837,3689
“‹“s‘«—§‹ζ–k‰Α•½’¬,2317,1183
“‹“s‘«—§‹ζI΄,12656,6472
“‹“s‘«—§‹ζ]–k,19276,9927
“‹“s‘«—§‹ζΓη’J,,
“‹“s‘«—§‹ζO“Ή,7168,4041
“‹“s‘«—§‹ζ²–μ,5831,2600
“‹“s‘«—§‹ζMΐ,3908,1825
“‹“s‘«—§‹ζ­•l,17750,8040
“‹“s‘«—§‹ζ“‡,12589,6260
“‹“s‘«—§‹ζ_–Ύ“μ,3500,1523
“‹“s‘«—§‹ζ_–Ύ,4931,2120
“‹“s‘«—§‹ζV“c,16548,7111
“‹“s‘«—§‹ζηZ’¬,4386,1986
“‹“s‘«—§‹ζηZ®’¬,3505,2106
“‹“s‘«—§‹ζηZ“,5941,3005
“‹“s‘«—§‹ζηZ‘εμ’¬,3565,1877
“‹“s‘«—§‹ζηZ‰Ν΄’¬,3990,2360
“‹“s‘«—§‹ζΦ΄,11208,5616
“‹“s‘«—§‹ζηZυ’¬,3249,1890
“‹“s‘«—§‹ζηZχ–Ψ,4756,2216
“‹“s‘«—§‹ζηZΦ‰®’¬,3905,1679
“‹“s‘«—§‹ζηZ—΄“c’¬,1934,1097
“‹“s‘«—§‹ζηZ‹΄Λ’¬,3877,1738
“‹“s‘«—§‹ζηZ‹{³’¬,2178,1348
“‹“s‘«—§‹ζηZ—Ξ’¬,5682,2814
“‹“s‘«—§‹ζηZ³’¬,3762,1838
“‹“s‘«—§‹ζηZ–φ’¬,1759,985
“‹“s‘«—§‹ζηZ’†‹’¬,2987,1744
“‹“s‘«—§‹ζηZ’‡’¬,4343,2726
“‹“s‘«—§‹ζηZ,9965,5737
“‹“s‘«—§‹ζ’|‚Μ’Λ,19193,10683
“‹“s‘«—§‹ζ’Cΐ,4110,1983
“‹“s‘«—§‹ζ’†‰›–{’¬,14533,7077
“‹“s‘«—§‹ζ’Φ,2004,830
“‹“s‘«—§‹ζ“a,20505,10167
“‹“s‘«—§‹ζΙl,15642,7264
“‹“s‘«—§‹ζ’†μ,13442,6917
“‹“s‘«—§‹ζΌ»£,9005,4838
“‹“s‘«—§‹ζΌΙ‹»’¬,,
“‹“s‘«—§‹ζΌVδ–{’¬,14657,7382
“‹“s‘«—§‹ζΌ‰Α•½,1170,589
“‹“s‘«—§‹ζΌΙ‹»,8866,3796
“‹“s‘«—§‹ζΌVδ‰h’¬,10109,5041
“‹“s‘«—§‹ζΌVδ,22381,10809
“‹“s‘«—§‹ζΌ’|‚Μ’Λ,3060,1722
“‹“s‘«—§‹ζΌ•Ϋ–ΨΤ,10585,5348
“‹“s‘«—§‹ζ‰Τ”¨,18294,8591
“‹“s‘«—§‹ζ“»£,10585,5376
“‹“s‘«—§‹ζ“Ι‹»,7015,3288
“‹“s‘«—§‹ζκƒc‰Ζ,7221,3300
“‹“s‘«—§‹ζ“ϊƒmo’¬,4116,2415
“‹“s‘«—§‹ζ“•Ϋ–ΨΤ,6061,2872
“‹“s‘«—§‹ζ•½–μ,4998,2210
“‹“s‘«—§‹ζ“Z’¬,2058,837
“‹“s‘«—§‹ζ•Ϋ–ΨΤ,16025,7034
“‹“s‘«—§‹ζ•Ϋ’Λ’¬,3412,1619
“‹“s‘«—§‹ζ–x”V“ΰ,1319,658
“‹“s‘«—§‹ζ“μ‰Τ”¨,15948,7600
“‹“s‘«—§‹ζ‹{ι,4184,2060
“‹“s‘«—§‹ζZ–Ψ,9107,3954
“‹“s‘«—§‹ζ–{–Ψ–k’¬,1393,575
“‹“s‘«—§‹ζ–{–Ψ,3825,1766
“‹“s‘«—§‹ζ–{–ΨΌ’¬,1027,507
“‹“s‘«—§‹ζ–{–Ψ“’¬,1509,747
“‹“s‘«—§‹ζ–{–Ψ“μ’¬,1613,827
“‹“s‘«—§‹ζ’J’†,11014,5973
“‹“s‘«—§‹ζ’Jέ‰Ζ,6084,3052
“‹“s‘«—§‹ζ–φ΄,5244,2959
“‹“s‘«—§‹ζZ,7682,3587
“‹“s‘«—§‹ζZ’¬,4986,2673
“‹“s‘«—§‹ζΓη’J–{’¬,7629,3153
“‹“s‘«—§‹ζΙ‹»–{’¬,2789,1341
“‹“s‘«—§‹ζΙlφ‰€,,
“‹“s‹ό‹ζ—§Ξ,22433,11258
“‹“s‹ό‹ζ“—§Ξ,11068,5274
“‹“s‹ό‹ζl‚Β–Ψ,12798,6104
“‹“s‹ό‹ζ“l‚Β–Ψ,13609,6549
“‹“s‹ό‹ζ•σ’¬,7160,3450
“‹“s‹ό‹ζ–xΨ,27681,13931
“‹“s‹ό‹ζ“–xΨ,8080,3712
“‹“s‹ό‹ζ¬›,14493,6643
“‹“s‹ό‹ζ‚¨‰Τ’ƒ‰®,6320,3166
“‹“s‹ό‹ζ”’’Ή,11869,5434
“‹“s‹ό‹ζ‹T—L,26303,13172
“‹“s‹ό‹ζΌ‹T—L,14610,6980
“‹“s‹ό‹ζΒΛ,27615,13259
“‹“s‹ό‹ζV¬β,15022,8642
“‹“s‹ό‹ζ“V¬β,25859,12234
“‹“s‹ό‹ζΌV¬β,16124,7857
“‹“s‹ό‹ζ‰Λ,20538,9031
“‹“s‹ό‹ζ‚»,19884,10314
“‹“s‹ό‹ζ™‘q,12860,6048
“‹“s‹ό‹ζΧ“c,11073,4874
“‹“s‹ό‹ζΔ–”,22512,10522
“‹“s‹ό‹ζVh,15351,6814
“‹“s‹ό‹ζ‹ΰ’¬,17591,9212
“‹“s‹ό‹ζ‹ΰ’¬ς…κ,,
“‹“s‹ό‹ζ“‹ΰ’¬,24166,11685
“‹“s‹ό‹ζ…³,13229,5342
“‹“s‹ό‹ζ…³φ‰€,,
“‹“s‹ό‹ζ“…³,9197,3832
“‹“s‹ό‹ζ“μ…³,13458,5841
“‹“s‹ό‹ζΌ…³,12190,4768
“‹“s]Λμ‹ζ¬Όμ,14115,6007
“‹“s]Λμ‹ζ¬Όμ,1642,765
“‹“s]Λμ‹ζ•½δ,40185,21035
“‹“s]Λμ‹ζ’†‰›,14206,6573
“‹“s]Λμ‹ζΌ“‡,18140,9101
“‹“s]Λμ‹ζΌ],21368,9382
“‹“s]Λμ‹ζ“¬Όμ,11992,5544
“‹“s]Λμ‹ζΌ¬Όμ’¬,3158,1423
“‹“s]Λμ‹ζ‘ε™,10953,4417
“‹“s]Λμ‹ζΌκ”V],9679,3998
“‹“s]Λμ‹ζκ”V]’¬,827,329
“‹“s]Λμ‹ζκ”V],20728,9728
“‹“s]Λμ‹ζ“ρ”V]’¬,741,304
“‹“s]Λμ‹ζt]’¬,16429,7103
“‹“s]Λμ‹ζ],10976,5289
“‹“s]Λμ‹ζ“],8048,3941
“‹“s]Λμ‹ζΌ],15077,7146
“‹“s]Λμ‹ζ]Λμ,23941,10578
“‹“s]Λμ‹ζ“¬β,18746,9232
“‹“s]Λμ‹ζΌ¬β,19877,10856
“‹“s]Λμ‹ζ“μ¬β,29149,15028
“‹“s]Λμ‹ζ–k¬β,29317,14531
“‹“s]Λμ‹ζ­’¬,105,43
“‹“s]Λμ‹ζ­,15183,6687
“‹“s]Λμ‹ζΌ–{,4246,1850
“‹“s]Λμ‹ζ‹»‹{’¬,3068,1374
“‹“s]Λμ‹ζγκF,4384,2156
“‹“s]Λμ‹ζ–{κF,10990,4988
“‹“s]Λμ‹ζΒθ’¬,26809,12237
“‹“s]Λμ‹ζ“Βθ,2730,1141
“‹“s]Λμ‹ζ“Βθ’¬,,
“‹“s]Λμ‹ζ“μΒθ’¬,19360,8365
“‹“s]Λμ‹ζ–kΒθ,4331,1646
“‹“s]Λμ‹ζγΒθ,9355,4389
“‹“s]Λμ‹ζ‰ΊΒθ’¬,2531,1211
“‹“s]Λμ‹ζ‘D–x,27062,12672
“‹“s]Λμ‹ζ‰Fμ“c’¬,4247,1904
“‹“s]Λμ‹ζV–x,4533,1881
“‹“s]Λμ‹ζ“‹Ό,46896,24773
“‹“s]Λμ‹ζΌ‹Ό,47143,23447
“‹“s]Λμ‹ζ“μ‹Ό,34517,15570
“‹“s]Λμ‹ζ–k‹Ό,19859,8807
“‹“s]Λμ‹ζ’†‹Ό,40195,22630
“‹“s]Λμ‹ζ–x]’¬,,
“‹“s]Λμ‹ζ΄V’¬,14314,5891
“‹“s]Λμ‹ζ—ΥC’¬,7468,3090
“‹“s]Λμ‹ζ’J‰Ν“ΰ,3105,1296
“‹“s]Λμ‹ζ“Ό–{,2941,1287
“‹“s]Λμ‹ζΌΒθ,3266,1555
“‹“s”‰¤qs‰΅R’¬,3041,1816
“‹“s”‰¤qs”“ϊ’¬,4456,2340
“‹“s”‰¤qs””¦’¬,1931,1011
“‹“s”‰¤qs”–Ψ’¬,870,484
“‹“s”‰¤qs’Η•’¬,1598,966
“‹“s”‰¤qsηl’¬,7411,4384
“‹“s”‰¤qs“ϊ‹g’¬,1120,615
“‹“s”‰¤qs³–{‹½’¬,5630,2799
“‹“s”‰¤qs•½‰’¬,1465,788
“‹“s”‰¤qs–{‹½’¬,552,303
“‹“s”‰¤qs‘ε‰΅’¬,944,524
“‹“s”‰¤qs–{’¬,1825,986
“‹“s”‰¤qs³‰΅R’¬,5153,2936
“‹“s”‰¤qs“c’¬,288,212
“‹“s”‰¤qsV’¬,1155,678
“‹“s”‰¤qs–Ύ_’¬,9758,5694
“‹“s”‰¤qsqΐ’¬,12498,6635
“‹“s”‰¤qs“’¬,109,76
“‹“s”‰¤qs®’¬,1125,589
“‹“s”‰¤qsOθ’¬,449,320
“‹“s”‰¤qs’†’¬,375,300
“‹“s”‰¤qs“μ’¬,1213,847
“‹“s”‰¤qs›’¬,1796,1102
“‹“s”‰¤qs–’¬,2632,1437
“‹“s”‰¤qsγ–μ’¬,2784,1443
“‹“s”‰¤qs“V_’¬,714,480
“‹“s”‰¤qs“μV’¬,668,451
“‹“s”‰¤qs¬–ε’¬,1753,970
“‹“s”‰¤qs‘δ’¬,9788,4509
“‹“s”‰¤qs’†–μ’¬,4340,2010
“‹“s”‰¤qs‹Ε’¬,5998,2760
“‹“s”‰¤qs’†–μR‰¤,5842,3203
“‹“s”‰¤qs’†–μγ’¬,8241,3944
“‹“s”‰¤qs‘εa“c’¬,16445,8193
“‹“s”‰¤qs•xm©’¬,1400,615
“‹“s”‰¤qs—Ξ’¬,4558,2095
“‹“s”‰¤qs΄μ’¬,1202,528
“‹“s”‰¤qs“σμ’¬,12293,5737
“‹“s”‰¤qs“σμ’¬,10315,4785
“‹“s”‰¤qs“σμ’¬,1978,952
“‹“s”‰¤qs‰‘ς’¬,3892,1726
“‹“s”‰¤qs‚”φ’¬,3059,1338
“‹“s”‰¤qs“μσμ’¬,320,110
“‹“s”‰¤qsΌσμ’¬,700,282
“‹“s”‰¤qs— ‚”φ’¬,1245,467
“‹“s”‰¤qs“ω—Ά’¬,713,317
“‹“s”‰¤qs‰Ί—M–Ψ,9215,4298
“‹“s”‰¤qs‰Ί—M–Ψ,2940,1316
“‹“s”‰¤qsγ—M–Ψ,10952,4376
“‹“s”‰¤qsγ—M–Ψ,2695,1153
“‹“s”‰¤qs’†R,800,297
“‹“s”‰¤qs–ψ…,9879,3467
“‹“s”‰¤qs–ψ…,1884,671
“‹“s”‰¤qs“μ‘ε‘ς,17749,7987
“‹“s”‰¤qs‰z–μ,4386,2096
“‹“s”‰¤qsΌ–Ψ,7690,3678
“‹“s”‰¤qs•Κ,20632,8362
“‹“s”‰¤qs“μ—z‘δ,3020,1288
“‹“s”‰¤qs–x”V“ΰ,9606,4996
“‹“s”‰¤qs–x”V“ΰ,4067,1405
“‹“s”‰¤qs“’†–μ,6690,4023
“‹“s”‰¤qs‘ε’Λ,8939,5240
“‹“s”‰¤qs‘ε’Λ,8026,4673
“‹“s”‰¤qs‘ε’Λ,913,567
“‹“s”‰¤qs­“‡,2923,1347
“‹“s”‰¤qsΌ‚’J,5260,2445
“‹“s”‰¤qs•ΐ–Ψ’¬,3334,1585
“‹“s”‰¤qsU“c’¬,13674,6806
“‹“s”‰¤qsR“c’¬,2851,1280
“‹“s”‰¤qs‚ί‚¶‚λ‘δ,7966,3556
“‹“s”‰¤qs’·–[’¬,13347,6349
“‹“s”‰¤qs’·–[’¬,12340,5935
“‹“s”‰¤qs’·–[’¬,1007,414
“‹“s”‰¤qs‹·Τ’¬,6048,2720
“‹“s”‰¤qs­“c’¬,9795,4513
“‹“s”‰¤qs­“c’¬,7069,3422
“‹“s”‰¤qs­“c’¬,2726,1091
“‹“s”‰¤qsΩ’¬,12039,5540
“‹“s”‰¤qsΩ’¬,8801,4120
“‹“s”‰¤qsΩ’¬,3238,1420
“‹“s”‰¤qs›“c’¬,6087,2728
“‹“s”‰¤qs‘ε‘D’¬,2118,725
“‹“s”‰¤qs‘εy›’¬,5106,2175
“‹“s”‰¤qsγλ••ϋ’¬,3822,1365
“‹“s”‰¤qsz–K’¬,4986,2262
“‹“s”‰¤qsl’J’¬,2633,1228
“‹“s”‰¤qs’J’¬,1945,712
“‹“s”‰¤qsς’¬,3043,1384
“‹“s”‰¤qs‰΅μ’¬,10646,4724
“‹“s”‰¤qs‰΅μ’¬,9841,4359
“‹“s”‰¤qs‰΅μ’¬,805,365
“‹“s”‰¤qs“σ••ϋ’¬,4406,1810
“‹“s”‰¤qsμ’¬,2221,932
“‹“s”‰¤qs³”‰¤q’¬,11387,4569
“‹“s”‰¤qs‰Ί‰¶•ϋ’¬,6973,2697
“‹“s”‰¤qsγ‰¶•ϋ’¬,646,284
“‹“s”‰¤qsΌ›•ϋ’¬,6405,2391
“‹“s”‰¤qs¬’Γ’¬,209,95
“‹“s”‰¤qsμϋ’¬,12325,4958
“‹“s”‰¤qsμϋ’¬,9637,3908
“‹“s”‰¤qsμϋ’¬,2688,1050
“‹“s”‰¤qsγμ’¬,1675,609
“‹“s”‰¤qsΆ–Ϊ’¬,6767,2748
“‹“s”‰¤qs“θ΄’¬,8798,3555
“‹“s”‰¤qs“θ΄’¬,7835,3184
“‹“s”‰¤qs“θ΄’¬,963,371
“‹“s”‰¤qs”όR’¬,2973,867
“‹“s”‰¤qs”φθ’¬,106,47
“‹“s”‰¤qs¶“ό’¬,1912,1022
“‹“s”‰¤qs‘κR’¬,1248,694
“‹“s”‰¤qs”~’Ψ’¬,302,177
“‹“s”‰¤qs’J–μ’¬,1651,873
“‹“s”‰¤qs’O–Ψ’¬,2806,1404
“‹“s”‰¤qs‰ΑZ’¬,585,328
“‹“s”‰¤qs‹{‰Ί’¬,1998,643
“‹“s”‰¤qsΛ’¬,1706,552
“‹“s”‰¤qs‚’¬,338,137
“‹“s”‰¤qs¬”δι’¬,6963,3181
“‹“s”‰¤qs•Π‘q’¬,12889,6025
“‹“s”‰¤qs•Π‘q’¬,10010,4755
“‹“s”‰¤qs•Π‘q’¬,2879,1270
“‹“s”‰¤qs‰F’ΓΡ’¬,55,22
“‹“s”‰¤qs–k–μ’¬,8104,4664
“‹“s”‰¤qs‘Ε‰z’¬,9401,4539
“‹“s”‰¤qs‘Ε‰z’¬,7627,3678
“‹“s”‰¤qs‘Ε‰z’¬,1774,861
“‹“s”‰¤qs’·ΐ’¬,7843,3788
“‹“s”‰¤qs¦ƒP‹u,5785,2536
“‹“s”‰¤qs–k–μ‘δ,6637,2757
“‹“s”‰¤qs‚‘q’¬,3608,1764
“‹“s”‰¤qsΞμ’¬,10288,4581
“‹“s”‰¤qsΞμ’¬,10191,4490
“‹“s”‰¤qsΞμ’¬,97,91
“‹“s”‰¤qs‰F’Γ–Ψ’¬,3185,1272
“‹“s”‰¤qs•½’¬,409,169
“‹“s”‰¤qs¬‹{’¬,5464,2241
“‹“s”‰¤qs‹v•ΫR’¬,5100,2075
“‹“s”‰¤qs‘ε’J’¬,3622,1608
“‹“s”‰¤qsΫR’¬,1133,458
“‹“s”‰¤qs‚έ‚Β‚Ά‘δ,2225,908
“‹“s”‰¤qsιRθ,1781,625
“‹“s”‰¤qs‚έ‚Θ‚έ–μ,10563,3711
“‹“s”‰¤qsΌ•Π‘q,3016,1444
“‹“s”‰¤qs•Ί‰q,2326,999
“‹“s”‰¤qsµ‘,10991,3689
“‹“s—§μsΌ»’¬,10148,3985
“‹“s—§μsκ”Τ’¬,12919,5805
“‹“s—§μsγ»’¬,10547,4846
“‹“s—§μs»μ’¬,17190,7666
“‹“s—§μs—Ξ’¬,2591,1162
“‹“s—§μsς’¬,1708,548
“‹“s—§μs”’¬,9467,4539
“‹“s—§μsK’¬,13490,6499
“‹“s—§μsα—t’¬,11597,5578
“‹“s—§μs‰h’¬,12772,5845
“‹“s—§μs‚Ό’¬,11552,6622
“‹“s—§μs’¬,12598,6938
“‹“s—§μs‰Hί’¬,9162,5001
“‹“s—§μs‹Ρ’¬,18210,9888
“‹“s—§μsΔθ’¬,10307,5319
“‹“s—§μs•xm©’¬,19323,9486
“‹“s•‘ –μs‹gΛ›“’¬,12987,7103
“‹“s•‘ –μs‹gΛ›“μ’¬,13507,7591
“‹“s•‘ –μsδ“aR,4494,2516
“‹“s•‘ –μs‹gΛ›–{’¬,12373,7689
“‹“s•‘ –μs‹gΛ›–k’¬,16370,7580
“‹“s•‘ –μs’†’¬,15006,8140
“‹“s•‘ –μsΌ‹v•Ϋ,12213,6648
“‹“s•‘ –μs—Ξ’¬,8423,3883
“‹“s•‘ –μs””¦’¬,4333,1925
“‹“s•‘ –μsΦ‘O,9570,4445
“‹“s•‘ –μs‹«,16273,8532
“‹“s•‘ –μs‹«“μ’¬,15429,8255
“‹“s•‘ –μsχ’η,9171,3747
“‹“sO‘ιs‰ΊA,47828,24166
“‹“sO‘ιs–΄—η,22909,10872
“‹“sO‘ιsδ‚Μ“,16375,9086
“‹“sO‘ιs’†΄,14839,6997
“‹“sO‘ιs–k–μ,7967,3808
“‹“sO‘ιsVμ,16901,8654
“‹“sO‘ιsγA,26452,13604
“‹“sO‘ιsδϋ,13163,6239
“‹“sO‘ιs[‘ε›,8170,4036
“‹“sO‘ιs–μθ,6627,3113
“‹“sO‘ιs‘ε‘ς,14160,5814
“‹“sΒ”~s“Β”~,8652,4333
“‹“sΒ”~sƒ–•z,2124,882
“‹“sΒ”~st‰’¬,4247,1981
“‹“sΒ”~sΐ,1904,851
“‹“sΒ”~sΌ•’¬,735,336
“‹“sΒ”~s“ϊόa“c,1574,676
“‹“sΒ”~s‹ξ–Ψ’¬,1810,712
“‹“sΒ”~s’·•£,8905,3332
“‹“sΒ”~s—F“c’¬,3482,1443
“‹“sΒ”~s‰Ν•Σ’¬,15033,7511
“‹“sΒ”~sηƒ–£’¬,6203,2824
“‹“sΒ”~sγ,1306,490
“‹“sΒ”~s–μγ’¬,6476,3124
“‹“sΒ”~s‘ε–ε,4871,1759
“‹“sΒ”~s‰–‘D,1001,305
“‹“sΒ”~s’J–μ,1068,436
“‹“sΒ”~s–Ψ–μ‰Ί,1297,498
“‹“sΒ”~s΅›,5664,2126
“‹“sΒ”~s––L’¬,1757,590
“‹“sΒ”~s“΅‹΄,3707,1509
“‹“sΒ”~s΅δ,7478,2581
“‹“sΒ”~s”¨’†,2523,1069
“‹“sΒ”~sa“c’¬,1026,430
“‹“sΒ”~s”~‹½,4204,1695
“‹“sΒ”~s—M–Ψ’¬,2170,814
“‹“sΒ”~s“ρ–“”φ,1965,828
“‹“sΒ”~s‘ςδ,555,250
“‹“sΒ”~sδx–{’¬,318,113
“‹“sΒ”~sδx,195,103
“‹“sΒ”~sδxR,116,35
“‹“sΒ”~s•x‰,1279,305
“‹“sΒ”~s¬‘\–Ψ,1274,440
“‹“sΒ”~s•‘ς,1468,462
“‹“sΒ”~s¬–Ψ,2045,608
“‹“sΒ”~sZ]’¬,518,265
“‹“sΒ”~s–{’¬,812,399
“‹“sΒ”~s’‡’¬,400,186
“‹“sΒ”~sγ’¬,209,110
“‹“sΒ”~sX‰Ί’¬,395,166
“‹“sΒ”~s— h’¬,855,364
“‹“sΒ”~s“Vƒ–£’¬,1026,455
“‹“sΒ”~s‘κƒmγ’¬,558,274
“‹“sΒ”~s‘ε–φ’¬,1071,469
“‹“sΒ”~sV’¬,19259,8384
“‹“s•{’†s‘½–’¬,3871,1844
“‹“s•{’†s’©“ϊ’¬,4574,2397
“‹“s•{’†sg—t‹u,8565,3840
“‹“s•{’†s”’…‘δ,18776,9138
“‹“s•{’†s‰—§’¬,9768,4294
“‹“s•{’†s¬–φ’¬,8725,4161
“‹“s•{’†sαΌ’¬,13654,6256
“‹“s•{’†sσΤ’¬,6368,2621
“‹“s•{’†s“V_’¬,7589,3226
“‹“s•{’†sV’¬,8989,4185
“‹“s•{’†sK’¬,4018,1785
“‹“s•{’†s•{’†’¬,7413,4202
“‹“s•{’†s—Ξ’¬,8378,4243
“‹“s•{’†s‹{’¬,5674,2945
“‹“s•{’†s””¦’¬,5926,3219
“‹“s•{’†s΄…‚‹u,6301,3499
“‹“s•{’†s“ϊ‹g’¬,,
“‹“s•{’†s¥­,13033,5622
“‹“s•{’†s–ξθ’¬,3060,1400
“‹“s•{’†s“μ’¬,9207,4199
“‹“s•{’†s–{’¬,6223,2942
“‹“s•{’†s•Π’¬,3145,1682
“‹“s•{’†s‹{Ό’¬,5588,3161
“‹“s•{’†sυ’¬,2925,1637
“‹“s•{’†s“ϊ|’¬,1221,607
“‹“s•{’†s°©’¬,8567,3222
“‹“s•{’†s‰h’¬,5182,2618
“‹“s•{’†s•‘ ‘δ,7254,3429
“‹“s•{’†s–kR’¬,3953,1752
“‹“s•{’†sΌ΄’¬,3496,1490
“‹“s•{’†s“Ε’¬,2640,1203
“‹“s•{’†s”όD’¬,9515,5051
“‹“s•{’†s•”~’¬,6461,3039
“‹“s•{’†sZ‹g’¬,12255,5968
“‹“s•{’†sl’J,13046,5316
“‹“s•{’†s“ϊV’¬,3727,1703
“‹“s•{’†s–{h’¬,6953,3090
“‹“s•{’†sΌ•{’¬,6750,2945
“‹“sΊ“‡s“’¬,4158,1986
“‹“sΊ“‡s‹½’n’¬,3650,1562
“‹“sΊ“‡s•‘ –μ,4528,1951
“‹“sΊ“‡s‹Κμ’¬,7734,4065
“‹“sΊ“‡s•“‡’¬,4196,1779
“‹“sΊ“‡s•“‡’¬,954,600
“‹“sΊ“‡s’©“ϊ’¬,5704,2738
“‹“sΊ“‡s‚Β‚Β‚¶‚‹u,5469,2576
“‹“sΊ“‡s”ό–x’¬,7904,3527
“‹“sΊ“‡sΊa’¬,4814,2522
“‹“sΊ“‡s‘ε_’¬,4656,1908
“‹“sΊ“‡s‘ε_’¬,,
“‹“sΊ“‡sΌ΄’¬,9017,4202
“‹“sΊ“‡s“c’†’¬,6846,3012
“‹“sΊ“‡s“c’†’¬,,
“‹“sΊ“‡s—Ξ’¬,11213,5107
“‹“sΊ“‡s”q“‡’¬,6604,3150
“‹“sΊ“‡s”q“‡’¬,253,50
“‹“sΊ“‡s’z’n’¬,351,137
“‹“sΊ“‡s’†_’¬,3918,1549
“‹“sΊ“‡s’†_’¬,9481,4426
“‹“sΊ“‡s’†_’¬,6465,3041
“‹“sΊ“‡s’†_’¬,3016,1385
“‹“sΊ“‡s‹{‘ς’¬,4658,2001
“‹“sΊ“‡s‹{‘ς’¬,3706,1446
“‹“sΊ“‡sγμ΄’¬,3145,1537
“‹“sΊ“‡sγμ΄’¬,,
“‹“sΊ“‡s‚ΰ‚­‚Ή‚Ά‚Μ“m,990,332
“‹“s’²•zs”ς“c‹‹,8385,4603
“‹“s’²•zsγΞ΄,10935,5329
“‹“s’²•zs•xm©’¬,9181,4373
“‹“s’²•zs‰ΊΞ΄,8974,4498
“‹“s’²•zs¬“‡’¬,10383,5780
“‹“s’²•zs•z“c,15366,8844
“‹“s’²•zs‰Ί•z“c,,
“‹“s’²•zs‘—Μ’¬,27828,14545
“‹“s’²•zsυ’n,15490,6780
“‹“s’²•zs‘½–€μ,16623,8035
“‹“s’²•zs²{’¬,5984,2585
“‹“s’²•zsΔθ,8489,3952
“‹“s’²•zs‹e–μ‘δ,9794,5481
“‹“s’²•zs“‚Β‚Β‚¶ƒP‹u,5823,3113
“‹“s’²•zsΌ‚Β‚Β‚¶ƒP‹u,15382,8416
“‹“s’²•zs“όΤ’¬,9123,4020
“‹“s’²•zsεμ’¬,8100,4702
“‹“s’²•zs—ΞƒP‹u,6832,3303
“‹“s’²•zs–μ…,106,42
“‹“s’²•zsΌ’¬,234,7
“‹“s’²•zsα—t’¬,6537,3449
“‹“s’²•zs’²•zƒP‹u,10423,5003
“‹“s’²•zs[‘ε›³’¬,4755,2112
“‹“s’²•zs[‘ε›–k’¬,7851,3244
“‹“s’²•zs[‘ε›“’¬,11638,4995
“‹“s’²•zs[‘ε›“μ’¬,5244,2092
“‹“s’²•zs”‰_‘δ,3134,1642
“‹“s’¬“cs‘΄’¬,15428,6766
“‹“s’¬“cs‘΄’¬,1495,810
“‹“s’¬“cs‘΄’¬,12917,5576
“‹“s’¬“cs‘΄’¬,1016,380
“‹“s’¬“cs®’¬,4944,2541
“‹“s’¬“cs‘ε‘ ’¬,9233,4146
“‹“s’¬“cs¬μ,13416,5458
“‹“s’¬“cs¬–μH’¬,4135,1672
“‹“s’¬“cs¬R“cχ‘δ,3320,1440
“‹“s’¬“cs¬R’¬,18517,7487
“‹“s’¬“cs¬R’¬,16287,6671
“‹“s’¬“cs¬R’¬,2230,816
“‹“s’¬“cs‹ΰδ,8329,3254
“‹“s’¬“cs‹ΰδ,2700,1089
“‹“s’¬“cs‹ΰδ’¬,7965,3577
“‹“s’¬“cs‹ΰδ’¬,6974,2986
“‹“s’¬“cs‹ΰδ’¬,991,591
“‹“s’¬“cs‹ΰX,14152,6300
“‹“s’¬“csγ¬R“c’¬,4823,1622
“‹“s’¬“cs–Ψ‘]“,14441,7870
“‹“s’¬“cs–Ψ‘]Ό,8328,3300
“‹“s’¬“cs–Ψ‘]’¬,345,151
“‹“s’¬“cs–Ψ‘]’¬,221,97
“‹“s’¬“cs–Ψ‘]’¬,124,54
“‹“s’¬“cs‚ƒ–β,10363,4571
“‹“s’¬“cs‰Ί¬R“c’¬,3710,1428
“‹“s’¬“cs^υ›,5276,2195
“‹“s’¬“cs^υ›’¬,2064,662
“‹“s’¬“cs}t’¬,8532,3172
“‹“s’¬“cs’‰¶,7189,3371
“‹“s’¬“cs‹Κμw‰€,16867,8392
“‹“s’¬“cs‚Β‚­‚µ–μ,6288,2601
“‹“s’¬“cs’ίμ,12290,6135
“‹“s’¬“cs’ίΤ,8890,3661
“‹“s’¬“csν”Υ’¬,4922,2051
“‹“s’¬“cs’†’¬,10950,5984
“‹“s’¬“cs¬£,5572,2444
“‹“s’¬“cs¬£,3967,1513
“‹“s’¬“cs¬£‚‹u,4548,2274
“‹“s’¬“cs¬£‘δ,7846,3221
“‹“s’¬“csέ,2187,903
“‹“s’¬“csέ’¬,787,315
“‹“s’¬“cs”\ƒP’J,10895,4907
“‹“s’¬“cs–μ’Γ“c’¬,10165,3739
“‹“s’¬“cs΄’¬“c,16213,9910
“‹“s’¬“cs“‹Κμw‰€,3302,1366
“‹“s’¬“csLΡ,3588,1180
“‹“s’¬“csLΡ’¬,1012,407
“‹“s’¬“cs–{’¬“c,24219,11615
“‹“s’¬“cs–{’¬“c,4582,2710
“‹“s’¬“cs–{’¬“c,3678,2082
“‹“s’¬“cs–{’¬“c,1092,700
“‹“s’¬“cs–{’¬“c,6915,2873
“‹“s’¬“cs–{’¬“c,7952,3250
“‹“s’¬“cs“μ‘ε’J,11247,4603
“‹“s’¬“cs“μ‘ε’J,11093,4488
“‹“s’¬“cs“μ‘ε’J,154,115
“‹“s’¬“cs“μ‚Β‚­‚µ–μ,5631,2304
“‹“s’¬“cs“μ¬£,10458,4845
“‹“s’¬“csO—Φ’¬,6967,3284
“‹“s’¬“csO—Φ—ΞR,5102,2087
“‹“s’¬“csX–μ,13325,6904
“‹“s’¬“cs–ςt‘δ,2785,973
“‹“s’¬“cs–ξ•”’¬,1705,706
“‹“s’¬“cs–ξ•”’¬,1122,467
“‹“s’¬“cs–ξ•”’¬,583,239
“‹“s’¬“csRθ,796,359
“‹“s’¬“csRθ’¬,15022,6966
“‹“s’¬“csRθ’¬,5990,3429
“‹“s’¬“csRθ’¬,968,459
“‹“s’¬“csRθ’¬,6519,2553
“‹“s’¬“csRθ’¬,1545,525
“‹“s’¬“cs¬Rƒ–‹u,12504,4423
“‹“s’¬“cs‹ΰX“,7123,3125
“‹“s’¬“csΌ¬£,5081,2128
“‹“s’¬“cs“μ’¬“c,11615,4618
“‹“s¬‹ΰδs“’¬,17530,9277
“‹“s¬‹ΰδs–μ’¬,10870,5544
“‹“s¬‹ΰδsΦ–μ’¬,1247,609
“‹“s¬‹ΰδs—Ξ’¬,16627,8227
“‹“s¬‹ΰδs’†’¬,12721,6433
“‹“s¬‹ΰδs‘O΄’¬,14902,6977
“‹“s¬‹ΰδs–{’¬,21497,11867
“‹“s¬‹ΰδsχ’¬,4726,2140
“‹“s¬‹ΰδsΡδ–k’¬,12688,6066
“‹“s¬‹ΰδsΡδ“μ’¬,13266,6042
“‹“s¬•½s’†“‡’¬,1840,875
“‹“s¬•½sγ…V’¬,4657,2009
“‹“s¬•½s‚½‚©‚Μ‘δ,2020,1050
“‹“s¬•½s¬μ’¬,25747,11707
“‹“s¬•½s‰h’¬,3313,1468
“‹“s¬•½s¬μΌ’¬,8154,3948
“‹“s¬•½s¬μ“’¬,1486,696
“‹“s¬•½s¬μ“’¬,9758,4714
“‹“s¬•½sγ…–{’¬,11230,4913
“‹“s¬•½sγ…“μ’¬,8515,3593
“‹“s¬•½sμ•½’¬,6171,2925
“‹“s¬•½s’Γ“c’¬,5022,2415
“‹“s¬•½sw‰€Ό’¬,10919,5853
“‹“s¬•½sw‰€“’¬,2236,984
“‹“s¬•½sw‰€“’¬,8046,4431
“‹“s¬•½s’‡’¬,8920,4262
“‹“s¬•½s’‡’¬,5629,2752
“‹“s¬•½s’‡’¬,3291,1510
“‹“s¬•½s”ό‰€’¬,5990,3017
“‹“s¬•½s‰ρ“c’¬,5656,2325
“‹“s¬•½sδK’¬,2806,1209
“‹“s¬•½s—ι–Ψ’¬,16847,6979
“‹“s¬•½s“V_’¬,6483,2763
“‹“s¬•½s‘εΐ’¬,9750,4049
“‹“s¬•½s‰Τ¬‹ΰδ“μ’¬,11196,5266
“‹“s¬•½s‰Τ¬‹ΰδ,21977,9836
“‹“s“ϊ–μs‘½–€•½,17140,8364
“‹“s“ϊ–μs“ϊ–μ‘δ,5652,2758
“‹“s“ϊ–μs‚³‚­‚η’¬,,
“‹“s“ϊ–μs•xm’¬,1798,630
“‹“s“ϊ–μs‰h’¬,5168,2408
“‹“s“ϊ–μsV’¬,6291,2926
“‹“s“ϊ–μsV’¬,,
“‹“s“ϊ–μs•½R,8717,4297
“‹“s“ϊ–μs“•½R,4379,2005
“‹“s“ϊ–μsΌ•½R,6540,2733
“‹“s“ϊ–μs‘ε–L“c,115,50
“‹“s“ϊ–μs–L“c,7788,3871
“‹“s“ϊ–μs“–L“c,7492,3437
“‹“s“ϊ–μs®‚‹u,12182,5550
“‹“s“ϊ–μs“μ•½,16740,7905
“‹“s“ϊ–μs“ϊ–μ–{’¬,7320,3740
“‹“s“ϊ–μs_–Ύ,6365,3091
“‹“s“ϊ–μs‘εβγ,5483,2842
“‹“s“ϊ–μs’φ‹v•Ϋ,1880,972
“‹“s“ϊ–μs’φ‹v•Ϋ,5216,2599
“‹“s“ϊ–μs‘ε“ϊ–μ,11395,5176
“‹“s“ϊ–μs‘εμ•Σ–x”V“ΰ,1669,640
“‹“s“ϊ–μs‘εVδ,3885,1867
“‹“s“ϊ–μs‘εVδ,3830,1846
“‹“s“ϊ–μs‘εVδ,55,21
“‹“s“ϊ–μs‘εΞ“c,1515,612
“‹“s“ϊ–μs‚”¦,5012,2724
“‹“s“ϊ–μsO‘ς,8477,4094
“‹“s“ϊ–μsO‘ς,2952,1412
“‹“s“ϊ–μsO‘ς,934,444
“‹“s“ϊ–μsO‘ς,2018,968
“‹“s“ϊ–μs—μ,5896,2857
“‹“s“ϊ–μs•S‘,7950,3875
“‹“s“ϊ–μs–θ›,11597,5287
“‹“s“ϊ–μs–θ›,,
“‹“s“ϊ–μsΞ“c,1946,908
“‹“s“ϊ–μsΞ“c,,
“‹“s“ϊ–μs‘εγ“c,1358,587
“‹“s“ϊ–μs‘ε‹{,517,187
“‹“s“‘ΊRs–{’¬,11533,6240
“‹“s“‘ΊRs‹v•Δμ’¬,16139,6661
“‹“s“‘ΊRsH’Γ’¬,16885,7475
“‹“s“‘ΊRsΒ—t’¬,11595,4572
“‹“s“‘ΊRs‰¶‘½’¬,14888,6070
“‹“s“‘ΊRs”‹R’¬,13766,6863
“‹“s“‘ΊRs‰h’¬,14585,7948
“‹“s“‘ΊRs•xm©’¬,15397,6389
“‹“s“‘ΊRs”όZ’¬,10117,4561
“‹“s“‘ΊRs‰τ“c’¬,6772,2852
“‹“s“‘ΊRs‘½–€Ξ’¬,5294,2255
“‹“s“‘ΊRsz–K’¬,5314,2203
“‹“s“‘ΊRs–μϋ’¬,9530,4389
“‹“s‘•›s“³’¬,10304,5608
“‹“s‘•›sΌ³’¬,4159,1868
“‹“s‘•›s“μ’¬,7810,5169
“‹“s‘•›sς’¬,9961,4795
“‹“s‘•›s–{’¬,7552,4843
“‹“s‘•›s–{‘½,9836,5540
“‹“s‘•›s“—φƒPE,14498,6643
“‹“s‘•›sΌ—φƒPE,6174,3110
“‹“s‘•›s“Λ‘q,3731,1779
“‹“s‘•›sΛ‘q,7978,3403
“‹“s‘•›s“ϊ‹g’¬,7982,3762
“‹“s‘•›s“ΰ“΅,4830,2251
“‹“s‘•›s•xm–{,4751,2205
“‹“s‘•›sV’¬,3345,1333
“‹“s‘•›s•ΐ–Ψ’¬,3200,1220
“‹“s‘•›s–k’¬,3449,1485
“‹“s‘•›sυ’¬,6557,3229
“‹“s‘•›s‚–Ψ’¬,3130,1270
“‹“s‘•›sΌ’¬,9995,4449
“‹“s‘—§s“,12500,6577
“‹“s‘—§s’†,8999,4674
“‹“s‘—§sΌ,10305,5464
“‹“s‘—§s•xm©‘δ,17788,9014
“‹“s‘—§s–k,8074,4057
“‹“s‘—§s’J•Ϋ,10412,4654
“‹“s‘—§s’J•Ϋ,2280,976
“‹“s‘—§s’J•Ϋ,2559,1211
“‹“s‘—§s’J•Ϋ,1359,659
“‹“s‘—§s’J•Ϋ,1459,627
“‹“s‘—§s’J•Ϋ,711,271
“‹“s‘—§s’J•Ϋ,795,400
“‹“s‘—§sΒ–φ,5211,2270
“‹“s‘—§sΒ–φ,18,7
“‹“s‘—§sΞ“c,103,45
“‹“s‘—§sς,2847,1162
“‹“s‘—§s–ξμ,891,358
“‹“s•¶s‘εFμ,17947,8831
“‹“s•¶s‘εFμ,8695,4171
“‹“s•¶s‘εFμ,8349,4225
“‹“s•¶s‘εFμ,903,435
“‹“s•¶s‘ε•¶,12727,6279
“‹“s•¶s‘ε•¶,7403,3476
“‹“s•¶s‘ε•¶,5324,2803
“‹“s•¶s‹•l,1950,1051
“‹“s•¶su–Ξ,2898,1494
“‹“s•¶s–{’¬,1420,876
“‹“s•¶s–k“c‰€,2144,901
“‹“s•¶s–k“c‰€,,
“‹“s•¶s“μ“c‰€,4564,2256
“‹“s•¶s“μ“c‰€,,
“‹“s•¶s•‘ –μ‘δ,6004,3015
“‹“s•¶s‰Α”ό•½,6056,3156
“‹“s•¶s“’¬,316,165
“‹“s•¶s‰΅“cξ’n“ΰ,181,8
“‹“s•¶s‘εFμ“ρ‹{,,
“‹“s•¶s‘ε•¶“ρ‹{,207,116
“‹“s]saς–{’¬,14102,6958
“‹“s]s’†aς,12075,6089
“‹“s]sΌaς,2040,1230
“‹“s]s³aς,3640,2031
“‹“s]s“aς,6976,4357
“‹“s]s’–•ϋ,6865,3502
“‹“s]s‹ξδ’¬,4477,1953
“‹“s]sβΛ“μ,9688,4616
“‹“s]sβΛ–k,9309,5083
“‹“s]s“–μμ,8175,3652
“‹“s]sΌ–μμ,7425,3145
“‹“s“‘εas‘½–€Ξ,,
“‹“s“‘εasπE,5482,2098
“‹“s“‘εas‘ •~,4716,2216
“‹“s“‘εas“ή—Η‹΄,4042,1636
“‹“s“‘εasΞ”Θ,2476,1035
“‹“s“‘εas‚–Ψ,2986,1238
“‹“s“‘εas‹·R,4003,1610
“‹“s“‘εas΄…,5301,2271
“‹“s“‘εasγ–k‘δ,4468,2168
“‹“s“‘εasχ‚‹u,15332,5959
“‹“s“‘εas—§–μ,4764,2187
“‹“s“‘εas’†‰›,4379,1826
“‹“s“‘εas“μX,7835,3758
“‹“s“‘εas’‡΄,3477,1306
“‹“s“‘εasό΄,8353,3970
“‹“s“‘εas΄΄,2890,1537
“‹“s“‘εasV–x,3397,1521
“‹“s΄£sγ΄Λ,3363,1644
“‹“s΄£s³’¬,6723,3631
“‹“s΄£s’†΄Λ,8747,3593
“‹“s΄£s‰Ί΄Λ,4469,1730
“‹“s΄£s‰Ίh,3511,1631
“‹“s΄£s®‚‹u,5814,2869
“‹“s΄£s’†—Ά,12538,5394
“‹“s΄£s–μ‰–,8688,4329
“‹“s΄£sΌR,7704,4358
“‹“s΄£s’|‹u,10656,4416
“‹“s΄£s”~‰€,3995,1408
“‹“s“‹v—―•Δsγ‚Μ΄,1773,1018
“‹“s“‹v—―•Δs_•σ’¬,2501,1027
“‹“s“‹v—―•Δs‹ΰR’¬,3067,1332
“‹“s“‹v—―•Δs•Xμ‘δ,3344,1394
“‹“s“‹v—―•Δs‘ε–ε’¬,2767,1300
“‹“s“‹v—―•Δs“–{’¬,2442,1320
“‹“s“‹v—―•ΔsVμ’¬,2941,1445
“‹“s“‹v—―•ΔsσΤ’¬,5742,2734
“‹“s“‹v—―•Δsw‰€’¬,3468,1387
“‹“s“‹v—―•Δs‚Π‚Ξ‚θ‚‹u’c’n,2516,1041
“‹“s“‹v—―•Δs–{’¬,6991,3487
“‹“s“‹v—―•Δs¬R,6056,2496
“‹“s“‹v—―•ΔsK’¬,5147,2314
“‹“s“‹v—―•Δs’†‰›’¬,7991,3367
“‹“s“‹v—―•Δs“μ‘ς,7744,2976
“‹“s“‹v—―•Δs‘O‘ς,9011,3871
“‹“s“‹v—―•Δs“μ’¬,4809,1978
“‹“s“‹v—―•Δs‘κR,9950,4893
“‹“s“‹v—―•Δs‰Ί—Ά,12482,5613
“‹“s“‹v—―•Δs–φE,4989,2152
“‹“s“‹v—―•Δs–μ‰Ξ~,2720,1154
“‹“s“‹v—―•Δs””¦’¬,5311,2332
“‹“s“‹v—―•Δs–ν¶,1509,586
“‹“s•‘ ‘ΊRs‘εOƒc–Ψ,,
“‹“s•‘ ‘ΊRs‘εέ,,
“‹“s•‘ ‘ΊRs‘ε“μ,14273,6173
“‹“s•‘ ‘ΊRsw‰€,7178,2830
“‹“s•‘ ‘ΊRs‰|,2597,1186
“‹“s•‘ ‘ΊRsΙ“ή•½,4896,2002
“‹“s•‘ ‘ΊRsc–x,5794,2304
“‹“s•‘ ‘ΊRsOƒc“΅,4916,1899
“‹“s•‘ ‘ΊRs_–Ύ,4027,1647
“‹“s•‘ ‘ΊRs’†“΅,2381,898
“‹“s•‘ ‘ΊRs’†‰›,3452,1374
“‹“s•‘ ‘ΊRs–{’¬,3510,1414
“‹“s•‘ ‘ΊRs—Ξ‚‹u,6461,3593
“‹“s•‘ ‘ΊRs—Ξ‚‹u,4414,2387
“‹“s•‘ ‘ΊRs—Ξ‚‹u,2047,1206
“‹“s•‘ ‘ΊRsOƒc–Ψ,4144,1626
“‹“s•‘ ‘ΊRsέ,2744,1218
“‹“s•‘ ‘ΊRs’†΄,4456,1814
“‹“s‘½–€sΦΛ,,
“‹“s‘½–€sΦΛ,9317,4778
“‹“s‘½–€sAυ›,,
“‹“s‘½–€sAυ›,9876,3817
“‹“s‘½–€sLζ,1155,598
“‹“s‘½–€sξ“c,2571,1303
“‹“s‘½–€sa“c,10773,4753
“‹“s‘½–€sa“c,9513,3938
“‹“s‘½–€sa“c,1260,815
“‹“s‘½–€s•S‘,874,404
“‹“s‘½–€s—μ,1231,517
“‹“s‘½–€s“›•ϋ,1602,736
“‹“s‘½–€s“›•ϋ,1503,736
“‹“s‘½–€sκƒm‹{,6457,3719
“‹“s‘½–€sχƒP‹u,5825,2547
“‹“s‘½–€sΉƒP‹u,6485,2689
“‹“s‘½–€sz–K,11104,5182
“‹“s‘½–€s‰iR,15040,7631
“‹“s‘½–€sLζ,7713,3479
“‹“s‘½–€s–LƒP‹u,10260,4782
“‹“s‘½–€s—‡,14012,6431
“‹“s‘½–€s’ί–q,12989,5480
“‹“s‘½–€s“μ–μ,1883,885
“‹“s‘½–€sa“c,891,517
“‹“s‘½–€s¤“†,4750,2496
“‹“s‘½–€s”nψ‘ς,4227,2178
“‹“s‘½–€sR‰¤‰Ί,756,385
“‹“s‘½–€s’†‘ς,3395,1369
“‹“s‘½–€s“‚–Ψ“c,2262,1003
“‹“sξιs–ξ–μϋ,17655,8188
“‹“sξιs–ξ–μϋ,3880,2061
“‹“sξιs–ξ–μϋ,6808,3279
“‹“sξιs–ξ–μϋ,5515,2207
“‹“sξιs–ξ–μϋ,1452,641
“‹“sξιs“’·ΐ,12785,5889
“‹“sξιs“’·ΐ,4843,2212
“‹“sξιs“’·ΐ,5597,2565
“‹“sξιs“’·ΐ,2304,1097
“‹“sξιs“’·ΐ,41,15
“‹“sξιs“’·ΐ,,
“‹“sξιs‘εΫ,9405,4615
“‹“sξιs‘εΫ,8446,4058
“‹“sξιs‘εΫ,706,390
“‹“sξιs‘εΫ,253,167
“‹“sξιs•S‘Ί,5229,2313
“‹“sξιs•S‘Ί,4204,1903
“‹“sξιs•S‘Ί,1025,410
“‹“sξιsβ•l,3450,1329
“‹“sξιs•½”φ,12213,5750
“‹“sξιs‰—§,4767,2015
“‹“sξιsό—z‘δ,8730,3399
“‹“sξιs’·•τ,4461,1671
“‹“sξιsα—t‘δ,12170,4010
“‹“sξιs•S‘Ί,2286,727
“‹“s‰H‘Ίsμθ,1967,838
“‹“s‰H‘Ίsμθ,,
“‹“s‰H‘Ίsάƒm_,3931,1675
“‹“s‰H‘Ίsάƒm_,206,2
“‹“s‰H‘Ίs‰H,595,170
“‹“s‰H‘Ίs¬μ‘δ,5837,2918
“‹“s‰H‘Ίs‘o—t’¬,2927,1107
“‹“s‰H‘Ίs_–Ύ‘δ,8534,3610
“‹“s‰H‘Ίs‰h’¬,5236,2527
“‹“s‰H‘Ίs—ΞƒP‹u,6316,2904
“‹“s‰H‘Ίs‹Κμ,1126,457
“‹“s‰H‘Ίs•xm©•½,3969,1945
“‹“s‰H‘Ίs‰H“,3353,1491
“‹“s‰H‘Ίs‰H’†,3618,1472
“‹“s‰H‘Ίs‰H‰Α”ό,4115,1619
“‹“s‰H‘Ίs‰HΌ,2802,1076
“‹“s‰H‘Ίs‘½–€μ,,
“‹“s‚ ‚«‚ι–μs‰JΤ,5185,2143
“‹“s‚ ‚«‚ι–μs‰JΤ,3164,1335
“‹“s‚ ‚«‚ι–μs‰JΤ,2021,808
“‹“s‚ ‚«‚ι–μs–μ•Σ,6340,2595
“‹“s‚ ‚«‚ι–μs¬μ,2417,1003
“‹“s‚ ‚«‚ι–μs¬μ“,1657,701
“‹“s‚ ‚«‚ι–μs“ρ‹{,4710,1996
“‹“s‚ ‚«‚ι–μs“ρ‹{“,903,390
“‹“s‚ ‚«‚ι–μs•½‘ς,1583,587
“‹“s‚ ‚«‚ι–μs•½‘ς“,151,60
“‹“s‚ ‚«‚ι–μsΨ‡,112,40
“‹“s‚ ‚«‚ι–μs‘‰Τ,10959,4179
“‹“s‚ ‚«‚ι–μs‘‰Τ,7063,2652
“‹“s‚ ‚«‚ι–μs‘‰Τ,3896,1527
“‹“s‚ ‚«‚ι–μs›¶,1526,446
“‹“s‚ ‚«‚ι–μs£Λ‰,3555,1412
“‹“s‚ ‚«‚ι–μs΄¬‹{,1033,344
“‹“s‚ ‚«‚ι–μs΄¬‹{,413,149
“‹“s‚ ‚«‚ι–μsψ“c,3758,1525
“‹“s‚ ‚«‚ι–μsΊγ,1644,609
“‹“s‚ ‚«‚ι–μsγ‘γp,946,391
“‹“s‚ ‚«‚ι–μs‰Ί‘γp,1701,650
“‹“s‚ ‚«‚ι–μs‹ΐ,2245,958
“‹“s‚ ‚«‚ι–μs–ϋ•½,2226,977
“‹“s‚ ‚«‚ι–μsHμ,3232,1593
“‹“s‚ ‚«‚ι–μsR“c,2751,1091
“‹“s‚ ‚«‚ι–μsγƒm‘δ,26,13
“‹“s‚ ‚«‚ι–μs–Τ‘γ,383,100
“‹“s‚ ‚«‚ι–μsΙ“ή,5588,2289
“‹“s‚ ‚«‚ι–μs‰΅‘ς,179,75
“‹“s‚ ‚«‚ι–μsO“ΰ,1106,399
“‹“s‚ ‚«‚ι–μsά“ϊs,2673,1077
“‹“s‚ ‚«‚ι–μs¬’†–μ,872,356
“‹“s‚ ‚«‚ι–μs¬a“c,493,154
“‹“s‚ ‚«‚ι–μs—―΄,1654,643
“‹“s‚ ‚«‚ι–μs‚”φ,844,370
“‹“s‚ ‚«‚ι–μsΪ’J,1165,465
“‹“s‚ ‚«‚ι–μs“ό–μ,1390,525
“‹“s‚ ‚«‚ι–μs[‘ς,62,30
“‹“s‚ ‚«‚ι–μsΛ‘q,673,278
“‹“s‚ ‚«‚ι–μs‰³’Γ,442,192
“‹“s‚ ‚«‚ι–μs—{‘ς,228,102
“‹“s‚ ‚«‚ι–μs¬•τ‘δ,,
“‹“s‚ ‚«‚ι–μsH—―,2293,913
“‹“s‚ ‚«‚ι–μsΪ’J‘δ,,
“‹“s‚ ‚«‚ι–μs•½‘ςΌ,174,67
“‹“sΌ“‹sV’¬,9066,4125
“‹“sΌ“‹s–φ‘ς,11489,5439
“‹“sΌ“‹s“•©,5408,2801
“‹“sΌ“‹s•Ϋ’J’¬,12678,6498
“‹“sΌ“‹s•xm’¬,11881,6099
“‹“sΌ“‹s’†’¬,7383,3098
“‹“sΌ“‹s“’¬,8754,4199
“‹“sΌ“‹sς’¬,8609,3701
“‹“sΌ“‹sZ‹g’¬,7041,3321
“‹“sΌ“‹s‚Π‚Ξ‚θ‚‹u,10368,4480
“‹“sΌ“‹s‚Π‚Ξ‚θ‚‹u–k,4549,2523
“‹“sΌ“‹s‰h’¬,4288,1664
“‹“sΌ“‹s–k’¬,5693,2321
“‹“sΌ“‹s‰Ί•Ϋ’J,8452,4220
“‹“sΌ“‹s“c–³’¬,14433,7767
“‹“sΌ“‹s“μ’¬,13092,6454
“‹“sΌ“‹sΌ΄’¬,6937,3302
“‹“sΌ“‹s—Ξ’¬,3907,1793
“‹“sΌ“‹s’JΛ’¬,13975,6080
“‹“sΌ“‹s–k΄’¬,4298,2125
“‹“sΌ“‹sό‘δ’¬,14820,6144
“‹“sΌ“‹sΕ‹v•Ϋ’¬,20267,8864
“‹“s•δ’¬‘ε“aƒP’J,3022,1195
“‹“s•δ’¬‘εΞ”¨,2891,1186
“‹“s•δ’¬‘ε” ƒ–θ,6040,2484
“‹“s•δ’¬‘ε” ƒ–θ,5348,2302
“‹“s•δ’¬‘ε” ƒ–θ,692,182
“‹“s•δ’¬‘ε’·‰‰Ίt‰,35,14
“‹“s•δ’¬‘ε’·‰’·’J•”,813,240
“‹“s•δ’¬‘ε“ρ–{–Ψ,2452,890
“‹“s•δ’¬‘ε‹ξ`•xmR,1612,647
“‹“s•δ’¬‘ε‚,1749,717
“‹“s•δ’¬‘ε•xmRI΄V“c,252,102
“‹“s•δ’¬‘ε•‘ ,540,259
“‹“s•δ’¬‘ε’·‰“΅‹΄,,
“‹“s•δ’¬” ƒ–θ“Ό΄,892,383
“‹“s•δ’¬” ƒ–θΌΌ΄,2198,925
“‹“s•δ’¬“μ•½,1898,845
“‹“s•δ’¬’·‰,3444,1397
“‹“s•δ’¬‚ή‚³‚µ–μ,3927,1733
“‹“s•δ’¬‰΅“cξ’n,,
“‹“s“ϊ‚Μo’¬‘ε•½δ,11691,4220
“‹“s“ϊ‚Μo’¬‘ε‘ε‹v–μ,5267,1792
“‹“s‰‘½–€’¬μδ,361,165
“‹“s‰‘½–€’¬‘ε’O”g,325,133
“‹“s‰‘½–€’¬”~‘ς,103,46
“‹“s‰‘½–€’¬’OOY,275,71
“‹“s‰‘½–€’¬¬’O”g,829,353
“‹“s‰‘½–€’¬’I‘ς,422,199
“‹“s‰‘½–€’¬”’Ϋ,190,47
“‹“s‰‘½–€’¬•Xμ,325,165
“‹“s‰‘½–€’¬•Xμ,280,99
“‹“s‰‘½–€’¬•Xμ,163,83
“‹“s‰‘½–€’¬•Xμ,168,78
“‹“s‰‘½–€’¬•Xμ,295,141
“‹“s‰‘½–€’¬•Xμ,40,25
“‹“s‰‘½–€’¬“ϊ΄,77,46
“‹“s‰‘½–€’¬C‘ς,566,158
“‹“s‰‘½–€’¬‹«,96,50
“‹“s‰‘½–€’¬‹«,62,29
“‹“s‰‘½–€’¬‰Ν“ΰ,53,29
“‹“s‰‘½–€’¬μ–μ,36,19
“‹“s‰‘½–€’¬—―‰Y,14,8
“‹“s‰‘½–€’¬—―‰Y,70,40
“‹“s‰‘½–€’¬΄,,
“‹“s‘ε“‡’¬³’¬,2296,1258
“‹“s‘ε“‡’¬³’¬,1249,621
“‹“s‘ε“‡’¬‰“c,738,384
“‹“s‘ε“‡’¬‰“c,138,87
“‹“s‘ε“‡’¬ς’Γ,307,178
“‹“s‘ε“‡’¬ς’Γ,91,52
“‹“s‘ε“‡’¬”g•‚`,581,231
“‹“s‘ε“‡’¬·–Ψ’n,1497,789
“‹“s‘ε“‡’¬·–Ψ’n,885,438
“‹“s‘ε“‡’¬–μ‘,434,251
“‹“s‘ε“‡’¬–μ‘,191,110
“‹“s—“‡‘Ί—“‡‘Ί,327,193
“‹“sV“‡‘Ί–{‘Ί,1554,741
“‹“sV“‡‘Ί–{‘Ί,143,56
“‹“sV“‡‘Ί®“‡,474,241
“‹“sV“‡‘Ία‹½,270,125
“‹“sV“‡‘Ία‹½,257,120
“‹“sV“‡‘Ί‰L“n“‡,,
“‹“sV“‡‘Ί’n“ΰ“‡,,
“‹“sV“‡‘Ί‘“‡,,
“‹“sO‘ξ‘Ί’Ψ“c,539,342
“‹“sO‘ξ‘ΊΆΓ,779,444
“‹“sO‘ξ‘ΊΙƒ–’J,143,79
“‹“sO‘ξ‘ΊΙ“¤,372,244
“‹“sO‘ξ‘Ί_’…,440,268
“‹“sO‘ξ‘Ί—YR,,
“‹“sδ‘ “‡‘Ίδ‘ “‡‘Ί,323,187
“‹“s”δ’¬O,3442,1860
“‹“s”δ’¬‘ε‰κ‹½,2268,1160
“‹“s”δ’¬~—§,449,254
“‹“s”δ’¬’†”V‹½,616,323
“‹“s”δ’¬––‹g,267,170
“‹“s”δ’¬”δ¬“‡,,
“‹“sΒƒ–“‡‘ΊΒƒP“‡‘Ί,169,118
“‹“s¬}΄‘Ί•ƒ“‡,2114,1169
“‹“s¬}΄‘Ί•κ“‡,447,269
“‹“s¬}΄‘Ί•κ“‡,,
“‹“s¬}΄‘ΊγΫ“‡,,
“‹“s¬}΄‘Ί—°‰©“‡,359,30
“‹“s¬}΄‘Ί—°‰©“‡,359,30
“‹“s¬}΄‘Ί‰«ƒm’Ή“‡,,
“‹“s¬}΄‘Ί“μ’Ή“‡,9,1
